height,output
169.97,0
163.62,0
171.48,1
180.23,1
162.66,0
162.66,0
180.79,1
172.67,1
160.31,0
170.43,1
160.37,0
160.34,0
167.42,0
145.87,0
147.75,0
159.38,0
154.87,0
168.14,0
155.92,0
150.88,0
179.66,1
162.74,0
165.68,0
150.75,0
159.56,0
166.11,0
153.49,0
168.76,0
158.99,0
162.08,0
158.98,0
183.52,1
164.87,0
154.42,0
173.23,1
152.79,0
167.09,0
145.4,0
151.72,0
166.97,0
172.38,1
166.71,0
163.84,0
161.99,0
150.21,0
157.8,0
160.39,0
175.57,1
168.44,0
147.37,0
168.24,0
161.15,0
158.23,0
171.12,1
175.31,1
174.31,1
156.61,0
161.91,0
168.31,0
174.76,1
160.21,0
163.14,0
153.94,0
153.04,0
173.13,1
178.56,1
164.28,0
175.04,1
168.62,0
158.55,0
168.61,0
180.38,1
164.64,0
180.65,1
138.8,0
173.22,1
165.87,0
162.01,0
165.92,0
145.12,0
162.8,0
168.57,0
179.78,1
159.82,0
156.92,0
159.98,0
174.15,1
168.29,0
159.7,0
170.13,1
165.97,0
174.69,1
157.98,0
161.72,0
161.08,0
150.36,0
167.96,0
167.61,0
165.05,0
162.65,0
150.85,0
160.79,0
161.57,0
156.98,0
163.39,0
169.04,0
183.86,1
166.75,0
167.58,0
164.26,0
145.81,0
164.73,0
165.6,0
189.63,1
163.08,0
168.02,0
164.65,0
153.31,0
176.43,1
172.52,1
172.91,1
155.91,0
179.03,1
150.98,0
170.87,1
186.9,1
155.09,0
159.34,0
166.0,0
159.97,0
149.49,0
165.69,0
154.38,0
169.74,0
155.81,0
180.5,1
157.17,0
161.78,0
173.14,1
152.69,0
167.27,0
178.07,1
148.93,0
166.85,0
167.6,0
172.82,1
152.63,0
151.8,0
170.22,1
167.97,0
167.5,0
168.46,0
158.2,0
167.32,0
167.93,0
157.86,0
183.66,1
169.74,0
153.09,0
171.57,1
155.25,0
172.87,1
176.59,1
156.79,0
174.63,1
169.13,0
173.22,1
183.97,1
162.55,0
157.46,0
156.1,0
156.84,0
164.23,0
168.41,0
167.77,0
173.27,1
165.13,0
179.54,1
162.35,0
192.2,1
171.26,1
156.43,0
154.29,0
169.82,0
162.77,0
172.14,1
169.73,0
164.27,0
156.53,0
149.85,0
160.53,0
173.56,1
167.14,0
152.54,0
166.73,0
168.85,0
156.16,0
166.54,0
165.58,0
153.57,0
168.58,0
170.61,1
175.83,1
175.54,1
151.22,0
155.62,0
170.15,1
170.14,1
170.15,1
203.53,1
170.71,1
176.36,1
174.54,1
171.51,1
161.85,0
172.59,1
157.27,0
162.63,0
160.15,0
165.82,0
188.15,1
146.33,0
171.86,1
148.87,0
160.28,0
175.89,1
165.64,0
154.22,0
157.85,0
171.8,1
157.7,0
167.16,0
165.46,0
158.48,0
186.44,1
171.34,1
144.75,0
166.86,0
158.38,0
173.52,1
157.07,0
163.85,0
170.05,1
173.66,1
153.0,0
161.65,0
160.25,0
158.47,0
182.65,1
169.05,0
152.39,0
174.18,1
186.22,1
175.32,1
149.81,0
160.16,0
177.67,1
157.92,0
169.44,0
172.75,1
155.73,0
164.4,0
132.59,0
154.76,0
162.47,0
152.52,0
181.32,1
150.7,0
160.6,0
166.31,0
179.41,1
150.64,0
176.63,1
165.1,0
155.18,0
169.62,0
166.99,0
159.0,0
165.7,0
161.15,0
166.14,0
171.62,1
180.86,1
152.62,0
186.33,1
145.48,0
163.48,0
170.88,1
167.81,0
158.77,0
162.92,0
160.07,0
159.11,0
173.5,1
168.57,0
158.07,0
174.0,1
168.07,0
173.13,1
171.3,1
156.71,0
159.4,0
172.47,1
171.1,1
164.79,0
166.17,0
177.78,1
159.08,0
170.47,1
162.98,0
162.82,0
175.99,1
173.25,1
173.14,1
178.05,1
165.21,0
171.82,1
161.9,0
168.24,0
163.7,0
165.97,0
170.95,1
156.82,0
185.92,1
154.94,0
152.86,0
176.58,1
172.92,1
171.24,1
171.28,1
164.88,0
156.03,0
165.76,0
158.23,0
174.75,1
163.53,0
156.75,0
161.79,0
169.13,0
159.36,0
156.78,0
167.44,0
167.45,0
159.93,0
160.29,0
167.32,0
150.52,0
150.93,0
157.82,0
162.87,0
168.11,0
179.75,1
173.58,1
163.4,0
164.81,0
154.97,0
164.81,0
162.11,0
168.23,0
156.73,0
170.19,1
180.33,1
163.91,0
169.02,0
171.9,1
160.99,0
167.24,0
165.13,0
165.98,0
157.27,0
165.25,0
169.98,0
179.51,1
174.59,1
186.53,1
157.33,0
173.72,1
166.83,0
186.9,1
156.92,0
156.6,0
159.01,0
143.76,0
159.74,0
157.41,0
166.5,0
168.42,0
183.76,1
174.5,1
159.23,0
156.02,0
169.92,0
151.8,0
183.31,1
176.79,1
160.31,0
147.87,0
178.54,1
163.85,0
177.38,1
149.06,0
159.01,0
165.05,0
165.47,0
160.5,0
171.23,1
154.32,0
163.58,0
166.2,0
170.14,1
172.12,1
153.75,0
149.66,0
177.78,1
168.32,0
157.52,0
180.51,1
166.16,0
176.79,1
165.68,0
185.61,1
182.55,1
162.51,0
174.72,1
171.45,1
178.69,1
155.35,0
171.86,1
175.58,1
147.41,0
153.17,0
144.61,0
162.31,0
172.18,1
180.02,1
165.74,0
181.29,1
151.2,0
147.97,0
164.44,0
168.84,0
164.67,0
144.33,0
164.11,0
151.96,0
171.7,1
168.67,0
155.6,0
159.86,0
154.41,0
164.37,0
174.55,1
155.14,0
170.04,1
159.7,0
157.07,0
163.93,0
154.65,0
159.46,0
153.02,0
184.65,1
165.35,0
158.0,0
167.14,0
163.88,0
162.79,0
171.14,1
172.58,1
159.69,0
159.24,0
162.25,0
141.98,0
149.85,0
178.67,1
181.45,1
162.51,0
170.77,1
168.11,0
195.79,1
176.2,1
163.72,0
155.44,0
148.94,0
167.03,0
157.44,0
150.78,0
158.53,0
154.18,0
181.87,1
173.82,1
164.92,0
179.8,1
165.77,0
156.39,0
180.23,1
170.39,1
154.63,0
163.1,0
156.24,0
151.17,0
174.26,1
184.09,1
151.01,0
170.63,1
158.49,0
160.13,0
159.08,0
156.36,0
165.49,0
156.69,0
167.7,0
164.5,0
162.61,0
155.92,0
159.23,0
172.55,1
170.01,1
155.22,0
165.99,0
172.51,1
148.31,0
170.43,1
158.37,0
170.71,1
157.37,0
146.95,0
148.72,0
165.48,0
167.6,0
155.96,0
171.39,1
148.38,0
164.34,0
152.89,0
158.48,0
165.47,0
156.4,0
161.15,0
175.06,1
159.23,0
173.36,1
153.7,0
170.3,1
179.42,1
140.28,0
157.03,0
170.77,1
162.97,0
168.71,0
158.96,0
165.87,0
163.44,0
176.68,1
167.54,0
168.38,0
160.88,0
160.12,0
160.67,0
168.94,0
160.79,0
167.9,0
185.75,1
173.71,1
161.74,0
177.01,1
160.92,0
144.62,0
154.92,0
146.29,0
161.48,0
165.18,0
181.76,1
168.27,0
162.81,0
173.29,1
142.89,0
167.36,0
172.71,1
150.21,0
176.44,1
168.38,0
160.85,0
171.33,1
187.71,1
166.82,0
167.48,0
160.41,0
156.5,0
173.3,1
156.44,0
165.72,0
160.22,0
169.79,0
168.34,0
175.38,1
159.9,0
162.3,0
155.21,0
160.56,0
168.77,0
172.57,1
155.78,0
173.7,1
178.56,1
169.13,0
183.77,1
157.26,0
152.55,0
147.21,0
179.96,1
171.54,1
164.44,0
167.8,0
153.75,0
189.46,1
166.29,0
166.09,0
172.26,1
169.81,0
167.24,0
157.1,0
169.71,0
183.82,1
178.45,1
180.93,1
159.89,0
155.1,0
163.74,0
165.56,0
175.94,1
148.08,0
180.3,1
163.42,0
160.73,0
154.88,0
148.45,0
173.23,1
165.73,0
152.1,0
152.05,0
161.64,0
181.69,1
162.4,0
149.97,0
162.54,0
162.27,0
138.03,0
164.46,0
162.69,0
171.96,1
183.49,1
176.27,1
162.31,0
153.93,0
190.73,1
165.59,0
165.14,0
164.76,0
166.98,0
163.56,0
159.26,0
159.53,0
164.67,0
159.57,0
157.87,0
166.06,0
162.45,0
180.04,1
138.49,0
175.92,1
177.46,1
144.27,0
161.57,0
161.29,0
150.92,0
157.22,0
153.89,0
182.52,1
174.36,1
177.72,1
172.22,1
153.71,0
159.75,0
169.89,0
152.78,0
172.13,1
162.6,0
161.25,0
172.11,1
169.44,0
161.39,0
176.59,1
154.19,0
171.16,1
170.93,1
161.9,0
168.26,0
152.49,0
174.24,1
163.15,0
159.77,0
175.49,1
157.96,0
150.92,0
149.43,0
171.06,1
152.2,0
182.55,1
144.18,0
181.96,1
167.11,0
164.03,0
159.55,0
168.99,0
164.62,0
176.03,1
166.14,0
166.5,0
161.36,0
164.43,0
168.08,0
147.9,0
151.52,0
172.43,1
166.71,0
163.16,0
165.18,0
168.48,0
159.6,0
157.22,0
166.96,0
155.22,0
169.08,0
147.97,0
175.29,1
169.73,0
167.56,0
174.83,1
181.65,1
175.14,1
146.59,0
152.2,0
158.75,0
165.26,0
170.18,1
157.74,0
166.87,0
157.45,0
158.88,0
150.93,0
155.77,0
151.48,0
155.24,0
175.54,1
155.51,0
191.32,1
169.93,0
166.85,0
156.42,0
172.0,1
159.24,0
166.22,0
190.6,1
164.04,0
176.49,1
157.97,0
164.65,0
182.71,1
158.73,0
183.12,1
172.08,1
159.38,0
171.32,1
174.73,1
171.22,1
149.3,0
157.73,0
162.52,0
164.26,0
171.21,1
166.78,0
151.65,0
168.8,0
171.11,1
170.6,1
175.81,1
173.34,1
169.59,0
164.3,0
148.39,0
169.3,0
167.08,0
167.72,0
152.23,0
154.19,0
175.53,1
164.6,0
171.82,1
165.28,0
165.3,0
174.38,1
159.84,0
165.96,0
160.38,0
160.66,0
161.91,0
167.22,0
160.21,0
177.56,1
156.05,0
163.13,0
160.6,0
179.47,1
166.97,0
175.32,1
150.14,0
167.67,0
173.9,1
165.82,0
175.65,1
159.83,0
179.09,1
187.99,1
161.37,0
160.54,0
179.53,1
180.8,1
159.77,0
160.8,0
162.18,0
151.56,0
155.81,0
154.96,0
157.32,0
164.65,0
167.34,0
180.51,1
155.02,0
174.84,1
162.86,0
164.51,0
171.75,1
153.77,0
168.82,0
166.66,0
169.92,0
167.89,0
189.55,1
158.62,0
159.69,0
158.77,0
159.45,0
158.63,0
176.89,1
179.21,1
159.29,0
156.68,0
169.71,0
159.48,0
171.33,1
167.03,0
149.84,0
180.48,1
182.96,1
158.87,0
161.12,0
167.86,0
168.34,0
171.59,1
185.1,1
163.23,0
157.02,0
151.21,0
157.69,0
164.67,0
182.95,1
159.82,0
167.24,0
164.84,0
176.88,1
190.27,1
159.69,0
160.11,0
175.44,1
171.82,1
183.47,1
170.84,1
161.41,0
170.91,1
176.09,1
173.2,1
170.07,1
175.67,1
176.69,1
178.82,1
171.49,1
163.33,0
166.47,0
177.07,1
156.83,0
168.69,0
161.07,0
165.29,0
177.78,1
166.91,0
165.46,0
151.4,0
172.46,1
171.45,1
186.63,1
161.92,0
167.19,0
167.49,0
180.77,1
164.05,0
167.79,0
171.08,1
166.87,0
160.54,0
166.94,0
175.74,1
154.73,0
166.33,0
158.0,0
176.95,1
149.77,0
159.41,0
168.77,0
180.66,1
164.34,0
159.45,0
183.81,1
150.52,0
143.01,0
169.4,0
159.98,0
154.79,0
172.08,1
167.44,0
159.36,0
152.2,0
173.72,1
171.5,1
164.01,0
183.47,1
154.3,0
149.74,0
158.08,0
164.54,0
167.43,0
162.59,0
168.52,0
152.48,0
179.44,1
164.18,0
176.17,1
168.43,0
169.57,0
170.7,1
169.48,0
171.43,1
178.29,1
166.97,0
172.09,1
164.1,0
179.4,1
158.24,0
183.01,1
164.6,0
150.69,0
166.28,0
158.19,0
173.41,1
158.47,0
160.54,0
146.1,0
160.48,0
140.76,0
149.16,0
172.6,1
172.86,1
169.25,0
155.33,0
164.52,0
164.96,0
153.42,0
180.03,1
173.77,1
162.79,0
165.27,0
167.08,0
144.58,0
162.53,0
158.18,0
154.98,0
162.19,0
182.98,1
171.41,1
159.29,0
170.73,1
178.99,1
174.25,1
165.6,0
158.53,0
171.98,1
168.93,0
173.95,1
171.35,1
175.5,1
159.65,0
178.17,1
166.98,0
185.75,1
158.11,0
182.36,1
166.98,0
158.49,0
160.16,0
161.8,0
169.24,0
170.23,1
159.26,0
164.76,0
186.42,1
182.28,1
169.36,0
165.38,0
166.2,0
171.14,1
154.77,0
162.43,0
148.31,0
168.99,0
171.47,1
160.17,0
180.74,1
152.74,0
150.36,0
167.24,0
175.47,1
181.84,1
160.41,0
175.79,1
164.61,0
163.27,0
173.84,1
171.52,1
149.24,0
179.77,1
178.8,1
158.74,0
168.96,0
169.94,0
167.61,0
159.5,0
158.28,0
164.74,0
176.73,1
170.44,1
161.29,0
172.72,1
136.51,0
176.49,1
147.6,0
161.38,0
153.8,0
152.05,0
176.61,1
160.32,0
168.47,0
164.53,0
169.77,0
165.77,0
152.17,0
174.96,1
160.06,0
149.43,0
160.72,0
180.01,1
173.5,1
161.51,0
161.51,0
161.78,0
185.77,1
168.82,0
169.3,0
175.3,1
167.39,0
162.41,0
163.04,0
164.28,0
164.63,0
172.28,1
165.52,0
172.33,1
164.19,0
165.79,0
145.02,0
174.16,1
168.46,0
174.98,1
136.04,0
185.88,1
163.6,0
176.08,1
154.6,0
171.13,1
154.47,0
158.76,0
184.14,1
163.09,0
167.17,0
173.7,1
169.96,0
166.5,0
168.65,0
189.03,1
164.42,0
167.01,0
175.51,1
176.06,1
176.87,1
171.39,1
153.57,0
181.33,1
153.54,0
168.03,0
157.46,0
164.36,0
168.29,0
168.21,0
169.22,0
181.14,1
169.54,0
162.56,0
174.64,1
176.89,1
152.72,0
170.97,1
172.01,1
162.02,0
178.76,1
163.5,0
166.26,0
163.27,0
165.16,0
154.04,0
150.6,0
180.95,1
156.53,0
155.09,0
143.47,0
158.61,0
151.77,0
181.42,1
175.1,1
158.12,0
187.52,1
174.82,1
161.75,0
140.01,0
187.91,1
151.1,0
148.55,0
175.23,1
189.4,1
178.84,1
170.64,1
170.95,1
173.53,1
172.59,1
167.81,0
166.04,0
164.37,0
157.46,0
162.19,0
148.07,0
164.02,0
155.11,0
153.96,0
166.8,0
178.92,1
174.18,1
149.29,0
155.1,0
174.41,1
155.18,0
162.75,0
170.5,1
155.32,0
166.05,0
151.66,0
158.99,0
168.2,0
149.07,0
169.4,0
164.8,0
170.52,1
167.24,0
178.64,1
166.25,0
160.71,0
166.22,0
170.43,1
165.49,0
165.41,0
157.98,0
158.37,0
150.97,0
182.5,1
152.56,0
158.07,0
157.82,0
173.95,1
162.05,0
177.48,1
158.27,0
167.79,0
156.65,0
186.45,1
153.12,0
168.1,0
171.34,1
169.14,0
163.15,0
163.7,0
165.44,0
163.53,0
174.64,1
187.11,1
159.43,0
151.3,0
164.12,0
190.8,1
156.96,0
181.39,1
181.78,1
159.46,0
170.69,1
181.28,1
161.21,0
162.96,0
159.18,0
154.85,0
158.51,0
152.76,0
165.34,0
157.3,0
167.34,0
149.44,0
168.31,0
173.34,1
145.06,0
168.74,0
177.28,1
152.9,0
181.73,1
169.19,0
157.95,0
164.44,0
170.58,1
165.76,0
170.39,1
155.79,0
166.69,0
150.86,0
163.89,0
155.96,0
157.64,0
177.36,1
175.91,1
171.09,1
154.08,0
161.84,0
177.13,1
166.42,0
188.19,1
168.93,0
166.92,0
161.91,0
166.34,0
163.48,0
172.08,1
174.57,1
157.14,0
151.69,0
146.64,0
170.08,1
153.97,0
143.47,0
168.89,0
189.93,1
164.94,0
173.38,1
165.82,0
164.01,0
174.19,1
162.1,0
167.67,0
168.22,0
158.32,0
174.92,1
163.25,0
157.44,0
170.37,1
156.02,0
165.28,0
164.91,0
175.86,1
169.75,0
164.75,0
173.18,1
178.9,1
170.58,1
165.1,0
151.88,0
154.35,0
161.95,0
158.9,0
163.13,0
165.57,0
170.3,1
164.3,0
169.87,0
165.64,0
145.25,0
155.61,0
163.56,0
152.9,0
171.0,1
180.31,1
177.19,1
162.87,0
179.91,1
166.49,0
161.63,0
158.87,0
161.98,0
161.12,0
166.7,0
166.61,0
165.03,0
169.37,0
176.91,1
174.5,1
150.15,0
139.46,0
174.34,1
151.33,0
162.75,0
153.3,0
146.98,0
170.41,1
172.59,1
159.23,0
139.09,0
159.54,0
168.92,0
150.21,0
166.83,0
164.85,0
170.79,1
166.2,0
155.27,0
176.97,1
163.41,0
164.73,0
155.67,0
160.57,0
156.15,0
163.27,0
182.12,1
151.28,0
148.86,0
179.71,1
162.91,0
158.31,0
175.4,1
158.94,0
183.26,1
171.78,1
160.12,0
186.57,1
158.94,0
172.42,1
167.99,0
178.02,1
180.62,1
165.32,0
157.47,0
169.6,0
158.22,0
185.13,1
166.37,0
161.35,0
166.85,0
151.53,0
155.28,0
177.0,1
158.43,0
154.53,0
170.37,1
176.86,1
172.19,1
174.96,1
157.43,0
150.78,0
180.01,1
161.77,0
162.49,0
178.28,1
170.56,1
169.56,0
186.65,1
158.56,0
174.28,1
165.57,0
167.69,0
180.28,1
170.08,1
170.38,1
175.73,1
161.35,0
156.61,0
154.55,0
145.34,0
185.56,1
153.97,0
162.79,0
162.23,0
168.07,0
173.16,1
173.6,1
159.17,0
163.33,0
167.83,0
162.51,0
181.07,1
169.91,0
172.35,1
171.63,1
176.73,1
166.81,0
152.03,0
169.0,0
158.49,0
159.71,0
170.86,1
177.38,1
165.21,0
168.09,0
182.02,1
167.41,0
191.02,1
170.66,1
147.39,0
172.53,1
168.81,0
177.9,1
171.73,1
163.62,0
152.76,0
162.91,0
156.49,0
159.19,0
170.89,1
181.7,1
168.95,0
153.04,0
169.45,0
176.97,1
158.9,0
163.66,0
165.15,0
157.15,0
171.48,1
163.79,0
169.2,0
156.13,0
160.63,0
172.22,1
161.27,0
182.27,1
161.0,0
167.25,0
174.33,1
150.82,0
147.39,0
149.74,0
177.63,1
159.48,0
190.58,1
159.36,0
166.85,0
180.42,1
185.06,1
185.62,1
177.08,1
175.24,1
170.93,1
172.78,1
159.49,0
156.82,0
164.97,0
163.3,0
160.47,0
171.96,1
174.55,1
165.88,0
179.78,1
153.58,0
163.06,0
157.83,0
146.33,0
164.17,0
163.78,0
180.13,1
171.31,1
154.76,0
183.54,1
177.21,1
170.82,1
162.74,0
155.41,0
161.28,0
175.89,1
183.85,1
180.43,1
160.11,0
153.8,0
166.41,0
147.32,0
168.23,0
163.52,0
160.34,0
149.05,0
170.14,1
159.67,0
153.3,0
136.28,0
164.72,0
182.72,1
181.61,1
160.43,0
158.98,0
169.69,0
155.02,0
168.02,0
172.66,1
177.27,1
164.0,0
162.96,0
156.22,0
156.73,0
162.74,0
168.67,0
174.14,1
156.97,0
179.93,1
162.29,0
164.79,0
157.53,0
140.76,0
173.84,1
172.37,1
162.19,0
165.67,0
170.16,1
149.37,0
159.71,0
172.94,1
152.46,0
167.94,0
151.43,0
169.66,0
164.64,0
148.85,0
176.65,1
157.65,0
156.9,0
167.01,0
176.49,1
154.84,0
165.62,0
169.29,0
171.93,1
166.76,0
161.33,0
156.72,0
165.86,0
154.28,0
135.79,0
169.37,0
174.04,1
141.37,0
154.9,0
171.19,1
185.57,1
165.21,0
157.72,0
163.17,0
178.75,1
158.54,0
157.01,0
160.17,0
155.47,0
166.23,0
181.25,1
168.23,0
162.48,0
162.08,0
149.37,0
173.83,1
164.22,0
163.2,0
196.93,1
167.99,0
157.48,0
160.74,0
176.48,1
166.13,0
150.62,0
174.19,1
158.32,0
183.73,1
175.8,1
160.53,0
177.81,1
165.68,0
173.53,1
169.85,0
156.54,0
158.56,0
175.3,1
161.65,0
160.96,0
155.45,0
169.24,0
185.63,1
154.32,0
165.24,0
179.12,1
164.2,0
169.52,0
154.38,0
169.28,0
163.13,0
174.86,1
176.87,1
190.9,1
170.8,1
168.26,0
166.94,0
161.47,0
168.38,0
162.05,0
166.68,0
178.18,1
154.93,0
176.4,1
178.17,1
163.82,0
143.78,0
158.92,0
177.97,1
164.77,0
155.01,0
159.95,0
173.41,1
170.47,1
162.61,0
161.33,0
161.08,0
155.78,0
181.15,1
161.78,0
177.17,1
180.21,1
174.98,1
160.68,0
169.04,0
164.76,0
155.96,0
168.24,0
153.21,0
176.88,1
160.35,0
167.01,0
167.83,0
162.41,0
170.87,1
160.25,0
173.71,1
151.54,0
166.26,0
184.39,1
155.0,0
158.22,0
170.14,1
166.8,0
168.51,0
169.89,0
171.35,1
176.1,1
169.1,0
162.59,0
171.73,1
184.0,1
163.67,0
155.25,0
176.07,1
163.8,0
143.27,0
173.47,1
159.65,0
164.09,0
168.32,0
166.9,0
172.09,1
160.65,0
170.13,1
162.4,0
172.39,1
171.15,1
155.65,0
175.86,1
159.64,0
173.08,1
168.67,0
183.38,1
162.77,0
161.51,0
164.81,0
161.97,0
173.0,1
148.84,0
154.46,0
154.32,0
174.5,1
182.11,1
163.96,0
163.31,0
165.7,0
176.62,1
155.73,0
167.38,0
174.75,1
170.01,1
166.9,0
175.01,1
137.97,0
171.78,1
158.46,0
146.69,0
170.11,1
178.74,1
163.63,0
174.53,1
181.12,1
178.15,1
181.4,1
172.42,1
165.75,0
148.98,0
162.54,0
156.57,0
186.71,1
163.24,0
166.23,0
170.51,1
165.44,0
181.95,1
158.77,0
166.95,0
157.58,0
151.8,0
158.88,0
164.63,0
160.71,0
158.08,0
150.94,0
164.17,0
149.95,0
172.6,1
165.82,0
150.42,0
161.91,0
157.48,0
168.19,0
178.4,1
146.25,0
166.15,0
163.4,0
171.71,1
167.13,0
157.48,0
161.81,0
157.04,0
175.76,1
165.21,0
184.01,1
164.39,0
157.92,0
149.86,0
146.97,0
149.16,0
167.67,0
170.09,1
149.19,0
173.95,1
160.17,0
166.47,0
181.12,1
173.97,1
162.31,0
156.09,0
143.48,0
157.81,0
162.89,0
155.13,0
163.69,0
165.77,0
162.75,0
158.5,0
166.69,0
169.42,0
154.1,0
179.11,1
164.01,0
165.19,0
172.08,1
167.33,0
174.53,1
167.87,0
158.88,0
168.62,0
153.56,0
166.09,0
164.67,0
162.92,0
163.71,0
146.18,0
159.51,0
165.93,0
166.6,0
154.72,0
177.66,1
156.34,0
174.69,1
169.27,0
158.54,0
182.75,1
153.06,0
174.19,1
175.01,1
158.29,0
178.92,1
162.5,0
167.89,0
167.6,0
163.66,0
173.11,1
172.93,1
147.51,0
178.04,1
148.38,0
175.33,1
176.27,1
154.09,0
160.89,0
153.94,0
162.85,0
161.92,0
172.8,1
178.1,1
178.96,1
159.38,0
162.91,0
148.17,0
156.94,0
174.65,1
181.16,1
152.66,0
159.08,0
164.74,0
167.8,0
156.9,0
169.24,0
160.26,0
164.86,0
170.46,1
165.06,0
160.64,0
163.9,0
164.12,0
161.3,0
162.41,0
180.99,1
170.61,1
162.05,0
171.97,1
161.66,0
176.73,1
168.7,0
163.93,0
169.48,0
149.29,0
153.73,0
153.06,0
166.43,0
182.33,1
187.31,1
171.38,1
170.01,1
146.99,0
159.57,0
157.12,0
158.79,0
163.32,0
160.28,0
145.21,0
172.48,1
154.27,0
167.39,0
185.74,1
155.81,0
139.7,0
162.14,0
176.01,1
184.58,1
152.7,0
169.97,0
160.35,0
163.94,0
191.44,1
149.97,0
167.54,0
169.68,0
175.86,1
165.98,0
168.08,0
161.08,0
167.69,0
161.57,0
171.22,1
161.3,0
168.77,0
164.71,0
176.26,1
164.49,0
147.27,0
177.62,1
155.94,0
158.46,0
159.04,0
178.74,1
143.64,0
196.38,1
175.56,1
167.23,0
164.45,0
167.86,0
170.21,1
171.45,1
170.56,1
165.9,0
163.03,0
163.49,0
163.05,0
176.34,1
170.94,1
135.6,0
171.56,1
166.95,0
164.81,0
161.11,0
176.24,1
174.48,1
157.27,0
169.07,0
155.28,0
151.2,0
158.73,0
173.62,1
174.53,1
170.13,1
172.25,1
170.16,1
158.59,0
169.32,0
173.0,1
172.54,1
176.89,1
172.08,1
168.51,0
175.7,1
164.73,0
156.18,0
163.37,0
157.55,0
158.25,0
163.55,0
157.08,0
161.92,0
146.06,0
167.13,0
165.01,0
156.83,0
171.59,1
174.38,1
148.92,0
157.37,0
157.31,0
155.6,0
173.29,1
163.06,0
162.35,0
144.96,0
171.35,1
152.61,0
165.6,0
167.77,0
178.61,1
151.91,0
134.8,0
166.84,0
183.01,1
177.39,1
167.1,0
160.08,0
173.07,1
155.26,0
169.76,0
170.05,1
175.6,1
192.6,1
168.92,0
159.91,0
164.74,0
147.31,0
158.05,0
160.91,0
159.76,0
166.52,0
156.78,0
176.21,1
165.0,0
164.91,0
161.72,0
166.55,0
173.25,1
156.33,0
158.42,0
161.96,0
151.54,0
156.81,0
160.24,0
173.74,1
167.63,0
166.94,0
173.51,1
163.63,0
168.9,0
163.97,0
167.65,0
159.17,0
140.61,0
163.66,0
179.23,1
174.26,1
174.65,1
177.36,1
165.89,0
166.97,0
158.82,0
161.84,0
171.16,1
177.04,1
163.61,0
160.5,0
165.01,0
171.01,1
150.56,0
142.04,0
159.49,0
152.79,0
159.92,0
163.52,0
160.47,0
179.52,1
168.27,0
168.0,0
171.22,1
153.61,0
175.39,1
164.24,0
171.7,1
154.28,0
149.46,0
173.18,1
168.76,0
155.98,0
156.3,0
176.25,1
153.11,0
181.43,1
155.99,0
171.38,1
161.71,0
171.03,1
159.56,0
163.37,0
165.41,0
154.98,0
172.41,1
159.87,0
162.71,0
155.06,0
139.38,0
163.09,0
189.13,1
172.85,1
164.81,0
162.37,0
165.22,0
170.47,1
153.19,0
176.14,1
172.15,1
172.18,1
169.38,0
165.2,0
171.73,1
170.92,1
161.46,0
159.26,0
166.02,0
180.49,1
152.61,0
150.32,0
166.65,0
165.51,0
166.73,0
167.44,0
162.77,0
179.9,1
148.99,0
156.72,0
163.97,0
148.57,0
163.24,0
181.61,1
165.21,0
167.31,0
152.4,0
158.84,0
161.25,0
161.82,0
177.82,1
170.58,1
153.89,0
167.47,0
169.98,0
176.4,1
180.81,1
154.85,0
156.89,0
152.42,0
162.66,0
169.66,0
174.87,1
164.24,0
161.8,0
166.52,0
156.65,0
185.9,1
148.92,0
166.85,0
185.24,1
165.07,0
163.1,0
161.43,0
163.2,0
178.73,1
142.88,0
180.33,1
150.76,0
162.33,0
160.71,0
170.89,1
149.02,0
169.62,0
185.24,1
151.37,0
166.9,0
158.38,0
169.26,0
165.19,0
158.59,0
169.88,0
183.04,1
163.09,0
172.2,1
152.07,0
155.44,0
169.72,0
179.84,1
168.56,0
161.87,0
164.99,0
152.5,0
171.05,1
173.82,1
160.48,0
160.3,0
167.66,0
160.63,0
164.34,0
186.0,1
162.53,0
161.42,0
158.52,0
172.44,1
163.19,0
158.51,0
178.21,1
179.2,1
159.0,0
146.33,0
175.08,1
158.15,0
172.91,1
145.3,0
173.93,1
152.89,0
172.31,1
165.14,0
155.46,0
160.93,0
171.86,1
166.06,0
170.84,1
184.76,1
149.36,0
181.17,1
166.04,0
156.01,0
151.7,0
163.11,0
174.22,1
163.72,0
180.11,1
150.49,0
164.88,0
152.48,0
168.64,0
173.87,1
160.79,0
138.96,0
166.99,0
169.37,0
169.04,0
177.36,1
154.29,0
171.8,1
176.93,1
147.21,0
168.2,0
159.96,0
164.18,0
168.48,0
160.13,0
158.24,0
165.34,0
154.13,0
154.14,0
171.79,1
153.51,0
171.66,1
169.63,0
147.74,0
158.22,0
176.94,1
155.19,0
160.36,0
169.62,0
172.83,1
162.48,0
159.02,0
179.22,1
182.39,1
174.79,1
165.85,0
156.92,0
156.7,0
170.23,1
169.18,0
179.02,1
171.5,1
149.97,0
175.52,1
155.02,0
161.16,0
167.5,0
184.96,1
196.1,1
171.07,1
163.17,0
170.35,1
173.88,1
161.79,0
182.95,1
167.3,0
169.98,0
171.66,1
169.22,0
173.39,1
158.83,0
159.42,0
154.0,0
169.4,0
172.79,1
169.58,0
181.74,1
164.94,0
171.69,1
154.08,0
161.13,0
171.96,1
173.49,1
162.06,0
164.28,0
149.82,0
161.43,0
173.9,1
170.75,1
170.01,1
165.5,0
165.07,0
158.4,0
171.99,1
169.21,0
169.92,0
159.74,0
143.47,0
175.97,1
160.21,0
156.37,0
171.93,1
161.08,0
175.6,1
171.17,1
171.84,1
151.34,0
177.12,1
167.61,0
161.31,0
166.43,0
147.24,0
169.09,0
154.71,0
151.47,0
149.78,0
176.13,1
158.71,0
180.34,1
159.64,0
147.93,0
153.83,0
177.36,1
163.44,0
159.52,0
166.6,0
170.02,1
176.17,1
179.48,1
161.4,0
151.74,0
160.87,0
167.6,0
155.36,0
155.43,0
168.44,0
164.51,0
165.33,0
157.42,0
162.7,0
155.76,0
173.9,1
175.35,1
146.54,0
155.7,0
150.03,0
158.5,0
164.17,0
150.5,0
155.78,0
154.96,0
167.07,0
165.69,0
157.78,0
166.77,0
159.53,0
162.28,0
181.73,1
178.4,1
152.0,0
173.3,1
173.11,1
153.52,0
173.19,1
180.38,1
153.77,0
155.82,0
175.18,1
167.71,0
170.51,1
168.41,0
168.91,0
151.74,0
175.47,1
176.7,1
162.71,0
164.57,0
149.69,0
170.14,1
170.72,1
164.38,0
176.24,1
161.66,0
170.65,1
154.8,0
164.76,0
163.26,0
167.25,0
161.3,0
163.69,0
173.26,1
160.63,0
148.93,0
182.5,1
178.81,1
152.08,0
171.9,1
159.97,0
167.63,0
167.94,0
162.66,0
157.16,0
158.09,0
155.84,0
156.68,0
164.33,0
157.84,0
171.82,1
179.87,1
159.2,0
167.39,0
170.0,1
169.72,0
165.76,0
172.43,1
169.82,0
152.62,0
173.69,1
173.87,1
157.37,0
165.38,0
171.83,1
162.91,0
175.73,1
188.64,1
157.14,0
151.19,0
168.04,0
172.22,1
162.69,0
179.53,1
151.61,0
171.93,1
158.94,0
182.19,1
184.93,1
157.33,0
159.5,0
173.6,1
161.13,0
164.55,0
165.25,0
145.8,0
164.86,0
158.1,0
160.07,0
179.44,1
152.43,0
173.13,1
162.21,0
162.2,0
172.9,1
168.4,0
170.71,1
174.68,1
161.69,0
158.88,0
154.15,0
156.75,0
194.49,1
177.45,1
151.49,0
151.78,0
169.82,0
170.47,1
170.49,1
162.45,0
163.75,0
168.28,0
165.86,0
142.81,0
162.7,0
156.49,0
166.75,0
194.85,1
168.67,0
161.86,0
174.22,1
169.83,0
169.2,0
171.07,1
185.57,1
153.69,0
169.74,0
155.74,0
170.56,1
155.81,0
160.83,0
162.05,0
174.76,1
174.18,1
152.54,0
165.55,0
157.9,0
152.41,0
162.83,0
161.92,0
189.27,1
169.33,0
151.22,0
159.35,0
175.21,1
185.88,1
149.14,0
146.2,0
183.71,1
168.9,0
156.32,0
170.35,1
138.64,0
165.03,0
168.28,0
174.24,1
154.86,0
165.86,0
155.75,0
167.55,0
156.05,0
160.92,0
155.04,0
171.51,1
173.58,1
162.65,0
165.38,0
150.51,0
162.0,0
164.5,0
191.21,1
153.88,0
179.64,1
174.97,1
167.81,0
182.59,1
168.72,0
168.89,0
164.47,0
177.24,1
175.96,1
158.74,0
151.81,0
162.97,0
157.0,0
164.36,0
177.37,1
160.43,0
164.57,0
165.58,0
173.48,1
142.53,0
158.93,0
167.11,0
177.0,1
160.08,0
146.23,0
171.2,1
158.65,0
153.1,0
158.76,0
163.15,0
158.95,0
142.94,0
173.97,1
177.75,1
171.52,1
153.62,0
162.99,0
164.93,0
170.99,1
171.68,1
157.66,0
165.82,0
169.57,0
179.56,1
172.05,1
172.89,1
165.84,0
179.1,1
169.1,0
156.39,0
179.03,1
171.98,1
160.57,0
160.21,0
167.97,0
169.63,0
166.97,0
168.11,0
182.0,1
175.72,1
166.91,0
174.41,1
154.67,0
168.98,0
183.09,1
162.82,0
156.52,0
158.48,0
154.1,0
157.15,0
161.29,0
150.94,0
165.16,0
174.02,1
155.92,0
180.19,1
170.11,1
175.31,1
158.42,0
173.55,1
154.08,0
173.9,1
166.72,0
170.53,1
153.24,0
156.05,0
170.97,1
155.52,0
169.63,0
151.33,0
173.48,1
152.67,0
170.52,1
171.26,1
158.03,0
170.82,1
167.6,0
159.61,0
154.91,0
145.37,0
168.5,0
149.35,0
165.95,0
162.37,0
171.79,1
161.98,0
161.71,0
172.32,1
168.35,0
168.16,0
169.69,0
149.64,0
172.57,1
171.12,1
154.83,0
162.56,0
164.61,0
163.66,0
168.34,0
179.31,1
175.82,1
151.88,0
171.22,1
178.29,1
168.87,0
175.91,1
185.12,1
175.24,1
167.49,0
175.45,1
166.45,0
165.24,0
161.49,0
180.63,1
156.82,0
180.32,1
170.0,1
151.01,0
168.68,0
144.0,0
171.26,1
173.85,1
159.08,0
166.24,0
184.54,1
159.94,0
154.41,0
179.82,1
184.63,1
165.04,0
175.11,1
178.41,1
157.58,0
160.15,0
177.31,1
181.85,1
170.63,1
156.2,0
184.87,1
159.69,0
161.65,0
168.42,0
180.54,1
173.54,1
169.15,0
169.63,0
165.44,0
170.58,1
139.7,0
162.03,0
167.41,0
153.49,0
168.86,0
162.96,0
182.55,1
180.73,1
160.34,0
163.49,0
164.26,0
160.48,0
166.95,0
157.42,0
153.69,0
171.23,1
171.3,1
156.96,0
173.95,1
158.68,0
167.53,0
173.2,1
164.66,0
169.55,0
159.84,0
163.04,0
162.94,0
157.53,0
163.23,0
149.51,0
160.09,0
162.15,0
162.44,0
162.59,0
164.38,0
169.79,0
173.75,1
158.5,0
152.97,0
154.58,0
160.13,0
161.48,0
157.3,0
152.04,0
160.44,0
166.81,0
170.95,1
159.43,0
160.87,0
155.73,0
164.69,0
156.52,0
170.73,1
147.14,0
161.4,0
168.01,0
166.84,0
191.93,1
168.5,0
154.96,0
164.05,0
147.24,0
164.19,0
156.67,0
174.15,1
159.5,0
163.83,0
158.64,0
182.39,1
161.79,0
183.33,1
173.14,1
169.82,0
168.69,0
168.94,0
145.72,0
162.21,0
173.45,1
164.51,0
150.95,0
164.48,0
182.04,1
177.47,1
164.38,0
174.51,1
161.33,0
147.96,0
155.76,0
180.63,1
162.26,0
162.57,0
162.0,0
184.04,1
181.26,1
187.19,1
163.41,0
167.96,0
149.83,0
179.77,1
153.32,0
167.17,0
154.03,0
159.11,0
156.63,0
158.92,0
159.61,0
159.52,0
173.33,1
153.95,0
167.21,0
177.18,1
159.87,0
157.82,0
162.69,0
176.8,1
166.94,0
159.69,0
169.84,0
153.98,0
171.81,1
169.09,0
161.92,0
156.61,0
156.13,0
170.35,1
177.29,1
158.63,0
169.58,0
144.13,0
159.15,0
164.69,0
155.9,0
155.63,0
158.32,0
167.92,0
163.13,0
142.62,0
143.79,0
158.93,0
169.58,0
137.52,0
160.0,0
159.74,0
178.88,1
161.15,0
168.83,0
166.41,0
143.69,0
172.68,1
167.15,0
170.08,1
204.26,1
144.16,0
182.25,1
162.13,0
167.87,0
164.54,0
160.76,0
159.3,0
168.3,0
149.83,0
172.51,1
160.84,0
153.7,0
160.5,0
177.57,1
159.65,0
168.58,0
157.69,0
172.58,1
171.86,1
183.49,1
163.24,0
171.69,1
165.98,0
177.96,1
157.81,0
172.45,1
163.05,0
164.36,0
165.92,0
167.52,0
163.84,0
167.15,0
180.78,1
174.85,1
173.69,1
160.44,0
156.11,0
174.55,1
173.76,1
179.73,1
158.96,0
162.7,0
148.61,0
161.08,0
174.97,1
160.34,0
171.4,1
163.09,0
168.24,0
153.52,0
165.85,0
135.09,0
163.13,0
148.7,0
177.06,1
172.77,1
169.67,0
180.21,1
155.51,0
182.47,1
174.32,1
162.63,0
176.36,1
153.94,0
156.75,0
158.91,0
159.71,0
154.43,0
177.23,1
162.41,0
168.53,0
159.3,0
146.79,0
167.7,0
145.88,0
164.31,0
151.32,0
184.87,1
174.11,1
166.06,0
177.64,1
156.54,0
170.43,1
167.0,0
167.64,0
177.72,1
172.32,1
167.89,0
148.45,0
155.4,0
163.77,0
165.93,0
153.7,0
189.12,1
180.16,1
171.02,1
165.72,0
162.88,0
155.48,0
165.77,0
167.58,0
152.58,0
168.34,0
163.45,0
145.92,0
156.4,0
160.86,0
183.88,1
170.57,1
151.65,0
169.86,0
149.53,0
175.83,1
160.29,0
164.06,0
178.26,1
152.13,0
151.03,0
159.16,0
175.38,1
149.81,0
136.68,0
160.49,0
170.52,1
177.0,1
160.37,0
160.89,0
176.54,1
146.3,0
161.11,0
166.9,0
169.49,0
159.9,0
165.34,0
140.12,0
158.42,0
169.54,0
155.18,0
165.59,0
169.47,0
161.57,0
166.7,0
155.37,0
162.93,0
171.1,1
166.57,0
159.13,0
167.24,0
172.15,1
144.5,0
176.59,1
161.64,0
169.25,0
176.97,1
151.28,0
157.91,0
162.11,0
157.16,0
182.35,1
156.43,0
159.44,0
167.04,0
152.98,0
161.04,0
168.17,0
161.67,0
164.07,0
159.71,0
149.86,0
168.22,0
182.55,1
165.18,0
167.25,0
171.93,1
152.31,0
182.03,1
167.02,0
181.32,1
157.67,0
183.18,1
172.75,1
170.53,1
167.34,0
162.51,0
177.01,1
166.4,0
145.33,0
153.83,0
163.14,0
168.1,0
164.43,0
177.19,1
145.49,0
166.44,0
146.82,0
172.6,1
164.06,0
169.2,0
156.36,0
177.79,1
175.42,1
170.84,1
163.7,0
170.8,1
157.93,0
173.56,1
181.49,1
175.71,1
157.7,0
168.61,0
152.07,0
170.72,1
169.51,0
146.3,0
153.38,0
162.17,0
161.99,0
152.91,0
168.89,0
167.51,0
163.06,0
157.44,0
175.49,1
181.55,1
160.16,0
158.88,0
169.91,0
161.42,0
163.61,0
172.4,1
145.91,0
178.18,1
165.73,0
160.89,0
164.11,0
164.62,0
147.69,0
179.95,1
165.41,0
169.43,0
174.52,1
154.79,0
169.73,0
162.32,0
173.47,1
143.73,0
164.01,0
158.97,0
169.32,0
169.7,0
157.92,0
157.88,0
163.89,0
156.03,0
173.42,1
161.31,0
135.93,0
161.25,0
154.61,0
148.69,0
152.63,0
166.09,0
178.29,1
168.13,0
158.93,0
169.56,0
160.41,0
158.05,0
153.46,0
147.48,0
161.1,0
166.58,0
164.03,0
160.84,0
155.54,0
171.08,1
151.83,0
172.76,1
154.98,0
157.48,0
150.33,0
159.99,0
174.75,1
170.16,1
174.78,1
170.22,1
153.96,0
161.69,0
157.2,0
178.31,1
153.03,0
173.94,1
173.93,1
183.3,1
160.9,0
172.12,1
187.82,1
158.82,0
149.65,0
146.2,0
172.13,1
146.17,0
161.28,0
169.37,0
166.85,0
169.25,0
167.22,0
177.79,1
155.48,0
158.23,0
157.27,0
173.3,1
174.0,1
169.51,0
176.83,1
153.22,0
181.67,1
180.23,1
172.36,1
182.82,1
148.43,0
159.76,0
157.65,0
172.21,1
154.5,0
172.57,1
178.71,1
171.95,1
167.84,0
155.12,0
156.53,0
177.5,1
172.79,1
164.61,0
160.82,0
144.74,0
154.29,0
184.11,1
152.2,0
166.89,0
175.07,1
152.45,0
166.85,0
174.38,1
165.12,0
193.68,1
148.31,0
175.59,1
163.27,0
172.72,1
169.41,0
157.67,0
167.29,0
146.42,0
171.03,1
167.98,0
171.39,1
175.58,1
168.68,0
166.48,0
156.19,0
157.88,0
176.87,1
179.36,1
162.62,0
165.46,0
155.95,0
176.73,1
171.65,1
184.41,1
156.22,0
161.22,0
167.31,0
171.46,1
162.84,0
156.27,0
173.81,1
172.21,1
155.84,0
178.55,1
176.7,1
166.34,0
165.8,0
170.54,1
156.38,0
165.3,0
143.48,0
173.76,1
149.39,0
180.03,1
161.7,0
162.88,0
158.72,0
162.12,0
179.19,1
140.12,0
177.77,1
168.38,0
152.93,0
154.25,0
181.76,1
155.54,0
153.47,0
176.37,1
168.39,0
155.62,0
167.17,0
154.74,0
176.01,1
175.61,1
170.32,1
168.62,0
182.61,1
165.0,0
153.18,0
169.49,0
185.86,1
154.85,0
161.39,0
169.16,0
164.46,0
155.18,0
176.22,1
188.2,1
166.96,0
155.96,0
149.51,0
167.58,0
176.04,1
169.75,0
164.98,0
159.11,0
154.08,0
173.35,1
174.14,1
149.54,0
180.9,1
170.74,1
179.0,1
151.58,0
151.34,0
163.51,0
170.03,1
182.96,1
172.06,1
162.57,0
154.74,0
177.3,1
155.35,0
181.28,1
162.16,0
180.91,1
171.79,1
163.63,0
159.81,0
161.59,0
169.28,0
165.77,0
159.06,0
163.34,0
165.79,0
143.71,0
169.58,0
155.2,0
153.47,0
148.13,0
147.06,0
151.45,0
157.91,0
184.53,1
159.74,0
166.78,0
169.0,0
166.31,0
164.23,0
153.05,0
179.51,1
183.07,1
148.17,0
154.76,0
162.2,0
155.35,0
170.06,1
157.72,0
186.65,1
176.91,1
167.13,0
175.27,1
176.06,1
159.36,0
156.84,0
165.78,0
173.62,1
166.39,0
149.23,0
156.97,0
164.26,0
164.24,0
184.73,1
151.14,0
170.06,1
179.89,1
187.71,1
160.96,0
169.91,0
170.7,1
166.95,0
164.01,0
169.36,0
139.68,0
171.82,1
166.26,0
162.78,0
185.47,1
158.25,0
160.97,0
184.92,1
156.68,0
159.5,0
163.53,0
173.41,1
167.08,0
152.07,0
159.68,0
158.93,0
164.23,0
169.26,0
169.18,0
147.24,0
175.64,1
167.53,0
178.85,1
169.44,0
176.01,1
169.67,0
178.46,1
170.22,1
164.02,0
187.72,1
173.89,1
170.74,1
152.24,0
152.12,0
167.93,0
166.46,0
158.86,0
166.41,0
180.89,1
171.95,1
153.59,0
163.88,0
156.95,0
161.12,0
160.86,0
160.22,0
152.45,0
163.72,0
159.39,0
135.71,0
185.53,1
175.89,1
161.24,0
165.19,0
153.28,0
181.96,1
183.97,1
166.57,0
175.24,1
166.75,0
151.63,0
160.88,0
166.32,0
160.45,0
162.81,0
164.09,0
164.19,0
165.52,0
154.39,0
157.83,0
152.15,0
174.78,1
143.94,0
176.54,1
178.86,1
161.98,0
138.97,0
161.39,0
164.36,0
154.89,0
159.85,0
180.3,1
171.65,1
155.75,0
149.02,0
161.73,0
162.87,0
169.96,0
159.65,0
170.11,1
184.35,1
173.16,1
164.52,0
163.17,0
161.43,0
176.81,1
158.73,0
165.45,0
165.51,0
159.98,0
151.28,0
168.23,0
164.39,0
170.0,1
159.66,0
177.21,1
156.23,0
182.12,1
147.52,0
169.35,0
169.75,0
157.04,0
169.24,0
177.8,1
142.83,0
170.03,1
140.07,0
155.34,0
181.29,1
159.18,0
153.26,0
163.02,0
185.68,1
146.68,0
154.49,0
179.97,1
183.58,1
163.97,0
152.61,0
185.96,1
180.94,1
171.79,1
156.88,0
164.51,0
163.4,0
168.31,0
179.51,1
173.79,1
154.23,0
178.76,1
168.13,0
171.87,1
179.67,1
153.88,0
164.64,0
159.69,0
149.32,0
168.47,0
190.12,1
146.6,0
164.68,0
171.41,1
166.23,0
163.87,0
152.01,0
167.33,0
157.43,0
143.1,0
176.95,1
174.58,1
165.52,0
167.29,0
175.74,1
167.24,0
174.04,1
162.03,0
178.12,1
168.21,0
166.94,0
152.3,0
167.87,0
156.68,0
158.62,0
156.85,0
154.34,0
186.25,1
178.31,1
184.2,1
152.77,0
165.71,0
152.06,0
158.04,0
155.82,0
177.4,1
161.04,0
175.68,1
171.04,1
188.04,1
150.21,0
177.59,1
176.46,1
155.27,0
175.07,1
168.36,0
162.73,0
156.76,0
157.81,0
185.5,1
165.01,0
172.82,1
157.09,0
157.2,0
175.82,1
151.5,0
160.85,0
165.34,0
166.11,0
163.21,0
168.96,0
171.93,1
172.35,1
155.14,0
162.16,0
176.95,1
173.95,1
151.27,0
168.51,0
145.22,0
165.47,0
183.98,1
155.52,0
156.66,0
172.64,1
149.57,0
158.67,0
170.96,1
158.66,0
162.64,0
172.44,1
169.22,0
167.67,0
161.61,0
168.7,0
163.76,0
169.58,0
160.03,0
163.17,0
155.1,0
164.65,0
156.89,0
153.86,0
167.59,0
167.13,0
172.83,1
160.69,0
169.08,0
170.51,1
169.45,0
156.74,0
166.49,0
168.64,0
165.07,0
144.14,0
166.6,0
187.13,1
161.4,0
157.72,0
168.73,0
168.12,0
176.93,1
152.42,0
172.31,1
170.9,1
163.58,0
168.39,0
175.29,1
173.72,1
153.57,0
173.2,1
164.35,0
165.73,0
165.73,0
163.5,0
176.92,1
164.16,0
153.8,0
161.06,0
166.79,0
177.29,1
171.03,1
156.49,0
189.85,1
167.65,0
177.75,1
163.48,0
170.33,1
173.39,1
177.18,1
175.57,1
173.72,1
161.85,0
159.28,0
168.33,0
174.33,1
162.77,0
175.65,1
179.53,1
155.84,0
156.63,0
163.6,0
168.08,0
159.75,0
178.52,1
169.24,0
165.39,0
150.64,0
151.84,0
167.81,0
143.67,0
175.13,1
163.42,0
197.43,1
188.08,1
163.19,0
163.94,0
174.96,1
182.03,1
148.62,0
147.14,0
158.78,0
170.83,1
169.97,0
175.7,1
153.0,0
141.84,0
173.58,1
156.72,0
144.82,0
166.45,0
172.93,1
163.78,0
160.42,0
163.41,0
161.29,0
151.52,0
157.85,0
170.21,1
168.22,0
166.68,0
155.05,0
163.18,0
143.23,0
166.78,0
179.29,1
150.26,0
159.14,0
168.29,0
177.53,1
160.52,0
158.08,0
145.31,0
166.03,0
185.42,1
167.77,0
164.78,0
168.22,0
164.89,0
156.87,0
173.23,1
167.26,0
165.18,0
155.25,0
178.04,1
171.65,1
159.47,0
175.02,1
160.02,0
157.18,0
157.4,0
147.29,0
169.72,0
146.69,0
152.72,0
144.24,0
164.14,0
163.5,0
161.73,0
154.57,0
153.28,0
169.64,0
159.49,0
168.16,0
156.15,0
166.81,0
178.03,1
170.86,1
160.88,0
167.57,0
162.59,0
165.08,0
161.74,0
163.36,0
167.12,0
155.07,0
154.84,0
151.11,0
149.0,0
152.83,0
166.59,0
156.07,0
170.14,1
165.35,0
145.31,0
171.55,1
173.11,1
155.06,0
169.2,0
156.44,0
165.98,0
152.36,0
147.07,0
161.17,0
163.76,0
161.02,0
153.16,0
161.0,0
167.69,0
164.55,0
166.83,0
158.3,0
176.72,1
153.24,0
169.88,0
176.82,1
169.81,0
162.97,0
159.72,0
175.36,1
150.77,0
155.3,0
161.02,0
177.38,1
168.8,0
155.32,0
161.9,0
158.86,0
157.9,0
174.79,1
151.28,0
181.09,1
173.28,1
175.91,1
160.37,0
163.5,0
150.67,0
159.75,0
169.94,0
177.96,1
153.93,0
161.34,0
163.49,0
151.04,0
170.91,1
157.76,0
163.05,0
160.48,0
157.11,0
164.93,0
162.84,0
161.28,0
157.72,0
168.2,0
181.54,1
166.4,0
174.96,1
151.1,0
166.58,0
154.03,0
150.23,0
157.61,0
176.92,1
174.5,1
167.43,0
149.67,0
163.04,0
168.02,0
166.76,0
146.56,0
156.1,0
164.36,0
170.36,1
143.04,0
163.38,0
166.43,0
173.5,1
171.93,1
170.83,1
157.0,0
145.92,0
161.07,0
175.02,1
178.93,1
172.11,1
169.29,0
168.8,0
159.44,0
163.7,0
181.69,1
155.57,0
181.15,1
161.78,0
178.25,1
150.93,0
170.86,1
157.63,0
150.85,0
167.19,0
175.09,1
156.55,0
150.01,0
164.08,0
164.13,0
170.48,1
174.5,1
164.41,0
183.56,1
167.24,0
161.54,0
148.88,0
162.37,0
161.64,0
174.6,1
169.62,0
153.21,0
166.72,0
171.72,1
180.28,1
173.88,1
172.61,1
165.6,0
168.88,0
177.5,1
151.67,0
161.51,0
157.27,0
168.79,0
177.3,1
159.03,0
141.1,0
160.88,0
174.13,1
170.38,1
169.28,0
162.2,0
152.21,0
170.15,1
156.66,0
186.84,1
170.71,1
159.19,0
158.89,0
164.07,0
162.6,0
176.17,1
166.86,0
157.68,0
183.9,1
165.49,0
172.69,1
158.92,0
168.63,0
168.11,0
146.1,0
185.15,1
177.91,1
161.03,0
153.98,0
168.48,0
165.87,0
168.56,0
166.92,0
170.06,1
179.47,1
170.68,1
154.5,0
178.63,1
181.41,1
196.52,1
153.77,0
167.43,0
144.18,0
170.53,1
159.52,0
184.23,1
157.25,0
148.11,0
160.29,0
145.25,0
172.51,1
144.35,0
165.28,0
144.22,0
161.8,0
181.43,1
168.61,0
156.37,0
164.69,0
165.18,0
169.73,0
151.33,0
170.93,1
137.96,0
158.7,0
160.12,0
171.33,1
165.23,0
150.94,0
155.15,0
166.99,0
164.21,0
159.21,0
160.19,0
171.96,1
159.82,0
164.12,0
186.7,1
150.76,0
146.48,0
172.84,1
158.21,0
161.82,0
157.19,0
162.4,0
180.99,1
173.02,1
173.62,1
150.84,0
153.49,0
136.61,0
156.91,0
174.57,1
170.17,1
162.78,0
164.78,0
158.11,0
167.05,0
172.66,1
148.84,0
168.0,0
174.32,1
160.85,0
172.01,1
193.15,1
163.96,0
168.93,0
157.62,0
166.81,0
169.6,0
166.95,0
154.8,0
167.06,0
179.62,1
169.49,0
174.62,1
162.63,0
172.5,1
167.79,0
155.49,0
168.19,0
155.08,0
158.67,0
166.89,0
167.97,0
153.11,0
175.54,1
170.72,1
157.95,0
149.62,0
163.55,0
160.54,0
166.13,0
161.37,0
144.93,0
161.12,0
161.94,0
171.34,1
158.02,0
181.79,1
145.88,0
178.11,1
162.76,0
173.6,1
165.8,0
176.4,1
161.13,0
154.01,0
179.21,1
163.87,0
167.22,0
177.35,1
154.68,0
170.95,1
159.1,0
163.68,0
165.72,0
150.0,0
157.21,0
178.51,1
173.86,1
164.37,0
167.43,0
162.06,0
178.57,1
163.0,0
167.32,0
176.46,1
157.23,0
180.59,1
149.7,0
181.3,1
161.27,0
162.57,0
146.1,0
160.45,0
154.6,0
158.92,0
163.63,0
174.58,1
167.08,0
168.08,0
154.04,0
156.19,0
182.99,1
157.65,0
181.56,1
162.57,0
165.02,0
175.7,1
177.72,1
163.89,0
161.12,0
164.44,0
168.38,0
173.91,1
165.04,0
171.19,1
181.38,1
168.81,0
168.12,0
149.81,0
138.69,0
168.88,0
164.05,0
159.85,0
167.44,0
164.4,0
176.28,1
165.86,0
157.53,0
174.9,1
162.83,0
170.27,1
160.23,0
158.5,0
165.84,0
165.13,0
169.8,0
162.31,0
146.64,0
160.67,0
172.94,1
162.03,0
162.54,0
174.86,1
157.88,0
149.57,0
163.39,0
160.16,0
155.34,0
163.25,0
169.92,0
164.91,0
168.07,0
183.13,1
161.57,0
167.78,0
159.91,0
156.54,0
159.15,0
160.21,0
168.59,0
188.49,1
157.84,0
160.83,0
164.37,0
168.96,0
167.64,0
177.84,1
140.74,0
141.13,0
160.04,0
175.97,1
149.34,0
134.92,0
170.71,1
167.44,0
154.1,0
155.14,0
155.3,0
166.11,0
158.74,0
169.94,0
136.45,0
156.43,0
153.74,0
162.44,0
159.62,0
172.98,1
146.41,0
165.45,0
170.58,1
183.57,1
160.18,0
168.24,0
146.96,0
141.08,0
173.45,1
164.94,0
176.79,1
151.27,0
170.2,1
183.69,1
169.2,0
167.77,0
165.09,0
149.29,0
178.56,1
158.89,0
170.04,1
149.37,0
153.21,0
179.35,1
161.53,0
179.53,1
164.22,0
146.58,0
173.92,1
159.1,0
171.99,1
165.25,0
149.57,0
166.64,0
186.96,1
169.93,0
164.42,0
175.75,1
167.11,0
167.1,0
154.08,0
167.34,0
175.35,1
156.64,0
179.24,1
164.08,0
156.12,0
174.98,1
162.13,0
172.6,1
162.08,0
164.4,0
169.94,0
167.91,0
145.04,0
153.79,0
174.29,1
163.68,0
159.76,0
151.41,0
154.2,0
144.78,0
163.99,0
159.02,0
155.33,0
164.32,0
168.64,0
185.93,1
149.88,0
176.59,1
174.73,1
157.21,0
167.03,0
160.42,0
166.86,0
180.09,1
171.06,1
170.09,1
160.7,0
150.16,0
162.92,0
177.07,1
149.73,0
154.45,0
166.26,0
155.15,0
157.07,0
160.76,0
151.34,0
155.26,0
172.03,1
151.93,0
149.02,0
158.7,0
172.32,1
163.03,0
160.35,0
165.44,0
147.54,0
169.95,0
168.83,0
160.91,0
175.06,1
153.73,0
176.28,1
166.54,0
161.63,0
164.8,0
163.93,0
177.2,1
154.23,0
157.37,0
175.36,1
159.04,0
174.01,1
181.99,1
160.98,0
171.81,1
153.46,0
172.55,1
166.99,0
169.73,0
158.54,0
148.39,0
170.03,1
144.37,0
161.83,0
174.41,1
166.92,0
184.48,1
175.25,1
158.46,0
165.27,0
164.53,0
149.18,0
155.6,0
159.39,0
144.64,0
165.47,0
162.51,0
148.27,0
169.04,0
172.16,1
167.27,0
161.76,0
170.91,1
171.8,1
168.07,0
156.75,0
167.77,0
176.95,1
159.03,0
185.98,1
159.74,0
165.32,0
158.28,0
167.23,0
147.58,0
159.54,0
154.08,0
166.35,0
174.94,1
171.46,1
141.28,0
185.42,1
167.95,0
157.24,0
166.57,0
166.76,0
158.33,0
166.98,0
158.93,0
160.96,0
158.14,0
150.67,0
166.46,0
170.85,1
170.15,1
173.2,1
168.24,0
159.67,0
173.4,1
151.42,0
155.99,0
155.36,0
175.8,1
174.43,1
169.87,0
175.72,1
156.21,0
168.49,0
163.75,0
173.47,1
163.85,0
161.15,0
170.41,1
173.76,1
158.32,0
164.39,0
154.42,0
140.02,0
167.0,0
171.09,1
167.62,0
145.5,0
161.49,0
142.82,0
178.7,1
154.14,0
177.55,1
174.46,1
155.99,0
153.67,0
168.5,0
156.56,0
166.02,0
160.17,0
147.19,0
142.7,0
167.27,0
159.38,0
159.47,0
171.96,1
176.73,1
162.27,0
161.59,0
170.0,1
151.43,0
167.23,0
170.52,1
171.8,1
145.63,0
157.39,0
156.22,0
166.0,0
169.81,0
179.97,1
160.05,0
160.02,0
176.5,1
167.97,0
177.68,1
167.89,0
153.43,0
151.67,0
149.48,0
171.62,1
176.89,1
183.49,1
173.43,1
176.63,1
159.2,0
153.44,0
173.5,1
169.18,0
166.07,0
168.87,0
168.23,0
177.84,1
177.95,1
170.44,1
173.46,1
170.14,1
160.39,0
172.57,1
151.06,0
175.54,1
153.05,0
167.86,0
156.55,0
170.53,1
164.66,0
149.05,0
169.21,0
159.22,0
173.81,1
165.01,0
168.95,0
155.42,0
159.11,0
160.41,0
173.57,1
181.77,1
156.95,0
175.77,1
143.3,0
153.06,0
155.41,0
151.47,0
149.16,0
169.13,0
162.86,0
168.79,0
171.9,1
167.66,0
171.58,1
164.3,0
153.13,0
175.58,1
159.11,0
155.64,0
163.22,0
155.87,0
160.83,0
168.44,0
168.48,0
156.02,0
160.12,0
175.74,1
169.96,0
185.75,1
176.8,1
176.44,1
151.12,0
172.64,1
164.47,0
159.49,0
166.68,0
174.45,1
170.01,1
156.22,0
172.42,1
158.62,0
167.17,0
161.97,0
162.81,0
172.66,1
154.6,0
184.45,1
146.79,0
159.02,0
168.7,0
170.84,1
164.0,0
164.43,0
169.11,0
162.69,0
178.93,1
173.39,1
173.73,1
155.34,0
164.21,0
162.0,0
154.94,0
168.6,0
159.62,0
171.55,1
154.3,0
182.19,1
156.04,0
167.19,0
172.92,1
159.29,0
173.52,1
152.71,0
179.52,1
165.14,0
159.04,0
162.01,0
173.09,1
159.16,0
157.51,0
162.78,0
153.23,0
183.21,1
159.34,0
173.32,1
167.09,0
155.15,0
164.94,0
172.84,1
163.12,0
176.93,1
175.22,1
174.19,1
160.4,0
154.2,0
158.86,0
166.96,0
170.46,1
143.28,0
164.92,0
166.58,0
162.22,0
177.91,1
169.22,0
178.1,1
162.84,0
174.37,1
181.35,1
178.12,1
154.08,0
162.46,0
161.55,0
169.89,0
171.86,1
156.61,0
165.68,0
144.8,0
179.42,1
159.88,0
165.56,0
161.9,0
176.46,1
136.62,0
164.83,0
163.94,0
160.46,0
182.26,1
156.13,0
172.72,1
168.56,0
177.62,1
158.33,0
157.67,0
175.96,1
169.25,0
149.55,0
159.61,0
168.86,0
173.38,1
158.21,0
135.86,0
170.23,1
152.8,0
144.83,0
136.68,0
173.14,1
166.29,0
162.74,0
178.89,1
171.37,1
181.16,1
151.07,0
164.65,0
148.83,0
162.71,0
162.51,0
171.27,1
165.46,0
171.23,1
172.03,1
186.55,1
161.85,0
155.59,0
167.46,0
156.98,0
179.82,1
162.17,0
159.34,0
160.29,0
172.18,1
163.42,0
158.58,0
181.65,1
156.44,0
165.36,0
171.52,1
148.69,0
169.8,0
154.45,0
173.23,1
155.37,0
171.93,1
176.06,1
173.61,1
167.51,0
162.69,0
159.24,0
179.71,1
158.01,0
154.63,0
171.65,1
157.04,0
155.5,0
150.56,0
160.17,0
164.17,0
167.43,0
174.51,1
170.27,1
163.09,0
163.02,0
170.1,1
177.73,1
166.26,0
160.31,0
155.07,0
150.55,0
171.66,1
170.78,1
170.77,1
163.71,0
179.07,1
160.16,0
174.55,1
164.61,0
158.92,0
170.93,1
169.1,0
168.57,0
165.81,0
164.62,0
188.88,1
176.84,1
172.23,1
166.12,0
175.07,1
170.18,1
165.26,0
161.96,0
164.19,0
133.3,0
167.11,0
160.12,0
180.93,1
165.19,0
153.11,0
164.5,0
154.54,0
169.73,0
167.91,0
174.58,1
157.09,0
165.34,0
151.35,0
172.01,1
170.19,1
169.96,0
165.02,0
169.15,0
181.04,1
162.15,0
166.39,0
154.14,0
156.32,0
165.98,0
176.04,1
162.44,0
162.64,0
160.93,0
159.65,0
167.95,0
150.03,0
177.81,1
158.35,0
172.22,1
152.3,0
171.69,1
171.72,1
168.84,0
155.06,0
167.5,0
153.17,0
162.47,0
175.29,1
172.97,1
165.15,0
155.25,0
171.46,1
165.19,0
141.8,0
172.83,1
164.76,0
177.02,1
154.05,0
133.23,0
167.79,0
167.92,0
148.09,0
155.22,0
192.55,1
161.94,0
172.31,1
158.49,0
144.1,0
163.3,0
162.34,0
161.0,0
163.85,0
167.64,0
163.5,0
152.36,0
169.86,0
145.51,0
144.5,0
172.39,1
170.07,1
164.43,0
151.05,0
157.92,0
162.37,0
149.04,0
157.61,0
171.52,1
179.27,1
160.81,0
172.56,1
145.86,0
171.59,1
156.96,0
168.07,0
162.52,0
178.2,1
156.26,0
171.28,1
162.2,0
163.42,0
163.16,0
156.54,0
164.86,0
164.37,0
167.41,0
165.85,0
172.98,1
174.24,1
154.49,0
173.69,1
153.14,0
170.88,1
171.2,1
145.89,0
165.93,0
160.32,0
157.41,0
178.51,1
158.46,0
156.94,0
165.76,0
171.86,1
163.58,0
176.66,1
170.31,1
143.22,0
159.71,0
159.38,0
169.79,0
138.75,0
190.49,1
170.31,1
166.49,0
176.82,1
188.44,1
173.71,1
174.49,1
166.31,0
163.58,0
160.24,0
156.74,0
158.13,0
151.49,0
164.24,0
148.15,0
166.91,0
164.64,0
166.47,0
159.78,0
195.77,1
178.6,1
152.55,0
167.33,0
158.92,0
154.86,0
151.6,0
169.32,0
158.19,0
174.68,1
174.94,1
178.74,1
156.48,0
169.75,0
171.32,1
160.26,0
157.28,0
181.1,1
167.27,0
171.36,1
156.78,0
152.81,0
159.31,0
163.76,0
154.36,0
164.9,0
148.11,0
153.8,0
171.71,1
171.04,1
161.08,0
154.82,0
154.73,0
161.27,0
171.45,1
174.28,1
160.03,0
153.47,0
167.68,0
156.76,0
159.82,0
178.25,1
173.27,1
166.58,0
152.28,0
167.11,0
175.63,1
161.24,0
178.51,1
177.93,1
181.64,1
168.05,0
170.87,1
179.14,1
169.47,0
159.99,0
160.51,0
167.39,0
152.09,0
163.57,0
175.97,1
143.09,0
180.34,1
176.22,1
160.4,0
170.43,1
165.03,0
177.3,1
174.83,1
151.0,0
170.87,1
162.94,0
165.83,0
157.72,0
182.48,1
175.4,1
157.6,0
151.65,0
161.14,0
169.35,0
167.4,0
177.53,1
172.9,1
174.7,1
168.27,0
151.11,0
163.04,0
175.6,1
164.48,0
170.03,1
161.81,0
154.7,0
163.77,0
168.09,0
158.44,0
162.64,0
155.61,0
176.19,1
162.06,0
179.53,1
180.29,1
164.19,0
154.92,0
144.14,0
150.28,0
151.26,0
178.78,1
166.16,0
168.9,0
142.8,0
153.02,0
173.87,1
167.87,0
163.53,0
170.65,1
181.36,1
162.79,0
165.69,0
166.93,0
188.92,1
144.01,0
171.83,1
163.85,0
170.67,1
158.43,0
164.51,0
172.11,1
196.13,1
173.08,1
156.52,0
160.76,0
160.47,0
147.04,0
161.7,0
172.33,1
152.26,0
175.48,1
169.88,0
157.66,0
163.58,0
180.98,1
172.34,1
165.09,0
162.62,0
165.77,0
159.88,0
143.95,0
185.42,1
166.55,0
168.98,0
164.42,0
157.65,0
163.14,0
149.01,0
187.77,1
152.65,0
154.68,0
160.6,0
177.88,1
165.15,0
152.64,0
177.54,1
172.31,1
170.38,1
172.16,1
188.94,1
186.85,1
158.13,0
181.24,1
168.83,0
169.99,0
148.08,0
163.3,0
156.87,0
173.28,1
175.71,1
144.26,0
164.78,0
176.22,1
163.13,0
172.29,1
168.51,0
168.42,0
162.29,0
152.83,0
153.78,0
172.09,1
165.19,0
163.61,0
160.76,0
161.95,0
175.47,1
161.65,0
151.59,0
172.44,1
162.95,0
165.31,0
181.08,1
164.79,0
167.89,0
153.21,0
162.8,0
171.1,1
149.45,0
167.01,0
166.01,0
165.41,0
175.37,1
168.34,0
179.78,1
155.06,0
166.36,0
165.84,0
154.31,0
174.56,1
188.25,1
164.83,0
170.05,1
165.85,0
157.86,0
146.79,0
157.94,0
151.08,0
182.04,1
163.85,0
161.54,0
173.89,1
153.78,0
157.33,0
165.68,0
175.29,1
170.02,1
167.48,0
165.78,0
169.0,0
167.02,0
154.7,0
165.46,0
154.26,0
165.81,0
160.19,0
190.39,1
164.6,0
150.96,0
163.66,0
170.19,1
181.73,1
159.11,0
149.18,0
173.17,1
151.19,0
160.64,0
162.42,0
164.3,0
171.89,1
158.16,0
162.26,0
164.86,0
166.5,0
165.98,0
169.36,0
173.44,1
168.93,0
169.54,0
149.18,0
165.5,0
169.8,0
172.29,1
158.08,0
158.41,0
159.26,0
170.36,1
175.34,1
160.93,0
174.08,1
166.23,0
163.76,0
162.89,0
172.47,1
168.26,0
187.76,1
156.48,0
170.18,1
159.71,0
156.31,0
164.89,0
166.37,0
194.18,1
163.16,0
153.7,0
167.73,0
144.25,0
164.08,0
165.16,0
172.95,1
174.74,1
159.96,0
163.49,0
157.34,0
153.72,0
168.1,0
152.26,0
160.85,0
155.05,0
170.5,1
183.01,1
151.98,0
146.47,0
163.75,0
165.16,0
167.19,0
160.54,0
162.99,0
168.68,0
175.4,1
145.45,0
161.31,0
167.14,0
155.82,0
182.31,1
158.65,0
164.59,0
170.56,1
159.09,0
146.53,0
160.71,0
175.29,1
161.63,0
156.54,0
174.26,1
161.69,0
159.9,0
166.49,0
172.71,1
188.82,1
173.27,1
176.6,1
159.94,0
154.74,0
165.62,0
166.07,0
154.21,0
163.25,0
168.99,0
168.6,0
170.04,1
167.91,0
159.93,0
159.86,0
153.01,0
182.85,1
165.13,0
162.75,0
155.71,0
194.36,1
154.27,0
160.71,0
169.16,0
171.0,1
174.58,1
183.08,1
170.06,1
154.44,0
162.43,0
168.08,0
185.68,1
151.02,0
177.03,1
166.8,0
173.38,1
163.98,0
156.58,0
172.51,1
171.54,1
174.72,1
164.87,0
159.0,0
149.41,0
173.19,1
169.24,0
155.34,0
159.61,0
160.33,0
150.17,0
156.82,0
153.66,0
160.88,0
157.61,0
148.73,0
185.23,1
177.53,1
157.21,0
167.72,0
169.17,0
176.91,1
156.81,0
175.92,1
159.52,0
151.64,0
172.24,1
177.91,1
190.88,1
153.0,0
171.99,1
160.9,0
172.83,1
150.3,0
152.37,0
157.24,0
165.79,0
158.59,0
171.59,1
175.27,1
171.0,1
181.19,1
169.16,0
152.83,0
178.63,1
158.95,0
174.1,1
180.74,1
169.57,0
150.04,0
155.82,0
178.23,1
163.31,0
165.8,0
172.59,1
171.96,1
167.79,0
162.91,0
161.87,0
173.58,1
170.54,1
162.43,0
175.82,1
163.71,0
156.48,0
157.41,0
155.21,0
162.28,0
177.34,1
156.95,0
166.88,0
158.43,0
162.4,0
149.9,0
162.79,0
163.06,0
170.4,1
167.23,0
153.02,0
175.84,1
167.1,0
166.98,0
164.91,0
159.82,0
167.18,0
169.76,0
147.53,0
159.61,0
162.45,0
167.56,0
176.93,1
157.28,0
160.02,0
159.87,0
156.98,0
161.53,0
172.71,1
154.46,0
169.28,0
147.98,0
159.39,0
161.71,0
181.75,1
162.25,0
142.99,0
145.01,0
165.34,0
171.14,1
168.75,0
166.68,0
176.62,1
159.6,0
173.95,1
148.68,0
155.95,0
146.93,0
162.25,0
164.54,0
166.14,0
165.62,0
155.72,0
163.1,0
150.03,0
178.63,1
161.96,0
160.11,0
180.89,1
152.58,0
153.74,0
154.04,0
164.32,0
169.32,0
172.4,1
190.72,1
142.51,0
171.09,1
159.43,0
159.14,0
158.8,0
155.91,0
181.85,1
173.42,1
165.23,0
178.51,1
149.87,0
151.69,0
143.22,0
158.01,0
166.62,0
166.03,0
166.49,0
150.89,0
173.03,1
167.4,0
172.33,1
146.07,0
168.11,0
153.12,0
161.03,0
170.34,1
165.91,0
156.48,0
165.06,0
149.68,0
176.5,1
162.95,0
176.19,1
159.73,0
159.76,0
157.36,0
173.76,1
157.91,0
171.45,1
161.18,0
145.24,0
159.3,0
153.21,0
165.34,0
153.1,0
174.26,1
164.09,0
163.22,0
171.56,1
174.64,1
164.8,0
157.29,0
147.26,0
158.14,0
158.83,0
166.07,0
161.55,0
171.88,1
158.87,0
164.43,0
176.84,1
168.42,0
164.4,0
158.98,0
158.67,0
156.49,0
159.59,0
172.56,1
162.78,0
151.5,0
182.68,1
168.2,0
150.93,0
160.58,0
166.11,0
182.05,1
153.92,0
174.76,1
178.99,1
158.71,0
162.22,0
154.64,0
162.97,0
164.63,0
171.6,1
175.9,1
157.52,0
145.33,0
164.79,0
167.94,0
167.49,0
161.73,0
166.25,0
180.15,1
168.82,0
161.27,0
160.0,0
163.3,0
181.37,1
163.17,0
164.8,0
160.18,0
175.99,1
184.6,1
169.51,0
165.83,0
165.37,0
141.16,0
172.45,1
166.34,0
169.28,0
157.89,0
161.16,0
160.89,0
175.22,1
161.21,0
185.83,1
169.31,0
152.24,0
163.71,0
158.48,0
143.06,0
180.99,1
172.03,1
170.33,1
166.65,0
151.18,0
160.16,0
173.42,1
154.49,0
139.68,0
162.73,0
163.58,0
166.36,0
172.29,1
171.38,1
167.59,0
176.96,1
149.81,0
170.05,1
171.27,1
152.6,0
149.97,0
157.54,0
158.38,0
172.53,1
158.85,0
156.44,0
158.88,0
176.19,1
165.13,0
163.21,0
163.9,0
177.92,1
157.51,0
178.16,1
167.1,0
163.4,0
190.01,1
154.44,0
161.46,0
152.68,0
174.52,1
181.89,1
181.7,1
177.24,1
163.02,0
161.35,0
148.29,0
185.36,1
169.69,0
160.08,0
178.28,1
155.27,0
169.07,0
163.27,0
171.39,1
164.36,0
150.49,0
165.76,0
175.49,1
164.71,0
172.75,1
154.54,0
164.74,0
158.75,0
172.47,1
165.31,0
171.9,1
175.88,1
171.92,1
167.73,0
155.02,0
164.97,0
159.67,0
161.56,0
161.25,0
155.2,0
145.43,0
158.32,0
166.93,0
151.52,0
165.16,0
184.0,1
175.23,1
181.44,1
168.91,0
176.68,1
157.76,0
158.56,0
137.61,0
176.86,1
180.4,1
159.47,0
162.46,0
157.46,0
168.83,0
176.25,1
147.57,0
169.09,0
162.23,0
166.13,0
169.59,0
163.12,0
163.96,0
162.86,0
174.7,1
169.19,0
167.21,0
152.29,0
161.21,0
173.99,1
165.38,0
171.6,1
182.67,1
175.39,1
165.93,0
159.89,0
139.46,0
163.32,0
161.74,0
168.9,0
163.46,0
161.8,0
147.21,0
155.6,0
169.77,0
182.16,1
164.02,0
168.28,0
174.52,1
156.89,0
168.67,0
157.6,0
173.65,1
166.51,0
167.98,0
157.17,0
172.07,1
185.85,1
154.92,0
161.6,0
167.32,0
172.86,1
159.4,0
136.67,0
178.59,1
172.61,1
147.57,0
158.92,0
180.68,1
179.48,1
174.39,1
163.24,0
165.83,0
163.69,0
176.28,1
156.24,0
156.94,0
175.1,1
164.56,0
178.78,1
158.28,0
164.45,0
155.78,0
165.07,0
150.21,0
160.12,0
150.64,0
171.94,1
172.17,1
147.7,0
178.34,1
189.97,1
165.46,0
158.59,0
193.24,1
151.81,0
165.2,0
166.8,0
178.45,1
168.6,0
160.01,0
155.49,0
161.58,0
154.93,0
165.48,0
159.36,0
150.06,0
177.55,1
160.02,0
152.32,0
163.32,0
165.68,0
147.54,0
168.32,0
154.53,0
182.11,1
170.24,1
161.0,0
157.55,0
163.95,0
171.13,1
164.75,0
162.83,0
165.58,0
158.96,0
161.57,0
144.14,0
174.74,1
167.99,0
157.27,0
183.99,1
165.87,0
154.64,0
173.57,1
168.98,0
168.95,0
160.74,0
169.5,0
162.38,0
170.56,1
145.95,0
160.66,0
182.22,1
157.33,0
158.96,0
160.52,0
152.85,0
142.92,0
162.69,0
166.36,0
164.47,0
163.55,0
165.43,0
175.23,1
163.1,0
159.26,0
162.19,0
170.79,1
179.12,1
158.72,0
165.99,0
168.38,0
155.07,0
165.2,0
150.34,0
147.31,0
168.67,0
161.16,0
167.02,0
164.82,0
155.24,0
164.55,0
152.67,0
178.91,1
151.44,0
163.04,0
154.58,0
170.7,1
161.69,0
159.81,0
173.53,1
165.29,0
170.17,1
155.19,0
150.95,0
166.07,0
161.81,0
171.26,1
164.2,0
167.05,0
148.77,0
183.88,1
163.36,0
171.98,1
156.64,0
168.08,0
151.97,0
169.52,0
161.44,0
165.29,0
171.98,1
152.67,0
158.16,0
169.57,0
185.98,1
163.62,0
170.91,1
163.93,0
184.42,1
147.53,0
165.95,0
148.74,0
139.93,0
167.97,0
166.39,0
162.15,0
163.94,0
195.98,1
162.42,0
170.1,1
158.51,0
167.95,0
162.62,0
160.89,0
183.19,1
176.77,1
166.37,0
141.96,0
161.39,0
192.03,1
162.69,0
176.03,1
179.42,1
167.19,0
156.58,0
140.65,0
171.84,1
156.85,0
166.76,0
152.5,0
162.35,0
165.34,0
167.69,0
153.85,0
176.97,1
159.03,0
148.26,0
163.91,0
165.34,0
166.61,0
178.62,1
162.64,0
163.8,0
153.97,0
173.21,1
166.84,0
160.8,0
145.95,0
179.44,1
152.72,0
159.09,0
168.58,0
153.03,0
150.06,0
143.76,0
172.21,1
159.55,0
194.27,1
155.06,0
155.79,0
159.35,0
167.43,0
160.3,0
171.12,1
155.21,0
151.18,0
147.02,0
142.76,0
159.82,0
161.99,0
158.69,0
177.43,1
177.28,1
161.65,0
147.06,0
159.33,0
159.0,0
158.43,0
158.02,0
158.47,0
161.13,0
158.64,0
167.08,0
168.6,0
155.89,0
177.71,1
155.2,0
148.82,0
168.81,0
156.83,0
168.21,0
140.96,0
178.92,1
171.72,1
150.0,0
150.21,0
181.72,1
157.63,0
156.66,0
142.34,0
161.49,0
162.72,0
172.15,1
151.01,0
149.8,0
169.51,0
175.07,1
149.29,0
175.82,1
165.38,0
175.92,1
164.3,0
139.78,0
163.48,0
175.6,1
156.06,0
161.12,0
163.24,0
136.0,0
181.71,1
155.99,0
170.06,1
164.13,0
177.58,1
169.06,0
162.65,0
156.06,0
172.98,1
146.27,0
171.46,1
154.01,0
177.52,1
166.61,0
171.44,1
165.82,0
147.48,0
156.39,0
171.72,1
166.67,0
176.81,1
169.03,0
155.33,0
157.04,0
166.03,0
141.86,0
181.73,1
169.42,0
177.27,1
149.19,0
177.45,1
187.31,1
151.79,0
172.71,1
165.01,0
149.56,0
169.93,0
173.34,1
158.99,0
176.66,1
148.33,0
150.05,0
166.37,0
165.25,0
157.83,0
173.1,1
170.31,1
173.58,1
163.77,0
171.03,1
160.54,0
185.54,1
156.87,0
186.05,1
165.35,0
151.24,0
178.68,1
166.26,0
173.51,1
177.24,1
168.38,0
159.08,0
174.76,1
165.01,0
171.86,1
143.46,0
169.47,0
158.61,0
181.53,1
171.23,1
167.4,0
169.86,0
155.02,0
181.23,1
184.91,1
168.93,0
180.9,1
159.31,0
157.03,0
165.41,0
169.35,0
161.06,0
170.38,1
168.06,0
155.02,0
170.19,1
173.64,1
166.71,0
176.53,1
152.83,0
169.68,0
153.3,0
153.86,0
158.69,0
155.58,0
159.52,0
162.86,0
173.37,1
161.79,0
149.14,0
176.4,1
156.63,0
164.41,0
169.47,0
167.0,0
175.94,1
169.79,0
156.39,0
186.79,1
166.94,0
163.53,0
174.64,1
167.49,0
168.99,0
189.92,1
162.25,0
161.82,0
166.17,0
175.72,1
149.93,0
145.34,0
159.13,0
148.66,0
160.75,0
170.02,1
156.09,0
150.73,0
165.69,0
173.63,1
148.05,0
173.2,1
173.17,1
174.54,1
177.18,1
187.02,1
161.44,0
166.1,0
160.84,0
165.02,0
180.33,1
151.55,0
156.39,0
178.77,1
175.2,1
161.37,0
173.54,1
168.41,0
180.0,1
165.75,0
175.26,1
191.42,1
170.98,1
165.49,0
172.22,1
161.35,0
188.88,1
166.8,0
162.27,0
156.64,0
175.97,1
173.67,1
160.03,0
170.76,1
149.91,0
166.85,0
169.53,0
182.07,1
157.29,0
152.22,0
156.05,0
151.63,0
178.37,1
180.49,1
168.2,0
177.21,1
166.34,0
164.05,0
161.67,0
161.9,0
149.52,0
167.64,0
164.6,0
172.45,1
165.94,0
163.37,0
156.29,0
165.72,0
172.38,1
153.57,0
165.87,0
167.33,0
157.82,0
159.12,0
167.31,0
153.67,0
168.5,0
156.05,0
175.63,1
188.38,1
156.39,0
170.34,1
157.73,0
175.41,1
152.35,0
169.81,0
156.27,0
162.93,0
154.69,0
173.22,1
156.63,0
170.52,1
161.56,0
163.86,0
166.48,0
157.38,0
167.1,0
180.3,1
157.22,0
176.72,1
179.98,1
156.84,0
150.45,0
168.02,0
159.53,0
183.69,1
165.35,0
156.98,0
153.53,0
175.9,1
159.29,0
165.44,0
174.56,1
160.16,0
164.54,0
164.83,0
171.83,1
170.91,1
162.8,0
165.64,0
161.28,0
150.22,0
167.58,0
183.92,1
156.16,0
157.27,0
156.29,0
172.25,1
169.48,0
163.41,0
155.82,0
165.92,0
149.35,0
166.43,0
173.72,1
152.49,0
149.67,0
180.79,1
158.88,0
176.36,1
163.46,0
163.38,0
169.38,0
156.16,0
166.32,0
161.19,0
151.8,0
168.37,0
162.37,0
163.43,0
152.9,0
180.91,1
173.77,1
174.64,1
161.95,0
147.71,0
184.53,1
164.39,0
157.51,0
169.17,0
176.67,1
164.77,0
177.79,1
175.83,1
154.24,0
158.26,0
174.58,1
137.87,0
163.51,0
150.69,0
160.23,0
162.01,0
161.42,0
159.48,0
154.03,0
187.92,1
183.67,1
153.38,0
180.82,1
161.01,0
166.29,0
164.37,0
158.4,0
174.84,1
166.26,0
160.23,0
151.95,0
156.06,0
148.59,0
165.12,0
153.03,0
162.34,0
178.7,1
176.99,1
164.68,0
164.13,0
183.8,1
170.21,1
161.72,0
150.74,0
168.94,0
173.29,1
158.68,0
167.91,0
161.36,0
163.16,0
140.12,0
162.78,0
174.69,1
158.69,0
165.53,0
157.44,0
168.6,0
162.83,0
155.61,0
178.33,1
174.29,1
158.95,0
169.98,0
170.37,1
171.42,1
148.06,0
175.07,1
159.3,0
161.42,0
191.38,1
168.02,0
161.14,0
142.95,0
178.9,1
151.55,0
154.97,0
161.69,0
179.16,1
172.73,1
163.42,0
168.08,0
159.0,0
166.4,0
165.73,0
174.69,1
174.67,1
169.94,0
161.38,0
172.42,1
164.08,0
154.18,0
160.97,0
165.85,0
174.1,1
163.16,0
152.91,0
165.57,0
166.13,0
166.86,0
174.2,1
175.19,1
159.06,0
158.84,0
154.6,0
171.99,1
179.49,1
161.85,0
162.59,0
179.67,1
170.06,1
169.36,0
153.09,0
171.79,1
155.71,0
153.66,0
161.53,0
159.14,0
162.78,0
150.59,0
174.59,1
176.28,1
145.53,0
174.78,1
156.89,0
173.57,1
164.32,0
165.29,0
163.15,0
177.12,1
152.6,0
171.08,1
176.01,1
172.16,1
188.25,1
159.71,0
174.57,1
163.94,0
177.33,1
164.92,0
161.12,0
178.06,1
160.08,0
150.87,0
159.83,0
171.19,1
178.92,1
166.11,0
178.18,1
151.42,0
160.57,0
162.11,0
163.85,0
165.84,0
171.91,1
160.55,0
166.39,0
164.55,0
155.74,0
163.86,0
163.56,0
163.35,0
165.32,0
165.76,0
160.68,0
177.73,1
153.31,0
157.79,0
192.8,1
154.62,0
151.46,0
172.34,1
144.23,0
162.65,0
186.46,1
149.55,0
145.18,0
150.01,0
173.98,1
176.25,1
159.87,0
171.83,1
178.9,1
182.87,1
162.54,0
141.99,0
156.79,0
160.73,0
162.41,0
163.12,0
176.19,1
177.74,1
163.28,0
175.98,1
168.58,0
165.65,0
174.07,1
165.72,0
185.58,1
150.62,0
159.85,0
163.73,0
169.39,0
177.68,1
164.76,0
150.78,0
173.43,1
172.55,1
145.58,0
164.96,0
149.1,0
158.35,0
155.97,0
173.09,1
166.17,0
152.14,0
173.8,1
150.66,0
168.3,0
156.86,0
161.34,0
170.04,1
170.21,1
178.37,1
164.18,0
168.06,0
160.62,0
166.82,0
169.39,0
164.02,0
146.96,0
168.31,0
168.65,0
158.2,0
152.16,0
179.76,1
169.91,0
162.71,0
153.63,0
156.78,0
178.03,1
166.38,0
159.49,0
170.1,1
156.86,0
180.01,1
178.53,1
160.33,0
158.71,0
138.82,0
150.18,0
151.61,0
166.35,0
161.74,0
151.55,0
162.19,0
170.05,1
170.28,1
146.0,0
163.72,0
151.17,0
174.02,1
172.84,1
156.02,0
157.34,0
160.39,0
142.47,0
168.36,0
162.27,0
174.7,1
154.02,0
158.81,0
149.93,0
154.96,0
153.18,0
174.96,1
158.02,0
166.24,0
161.19,0
152.31,0
163.32,0
170.99,1
152.92,0
173.09,1
156.5,0
160.17,0
170.31,1
158.37,0
165.38,0
161.85,0
166.29,0
141.19,0
146.7,0
171.16,1
175.37,1
155.9,0
162.56,0
167.95,0
171.93,1
144.72,0
156.14,0
161.67,0
172.03,1
189.98,1
162.72,0
150.93,0
169.02,0
178.21,1
166.08,0
155.93,0
174.58,1
171.64,1
154.74,0
168.81,0
174.97,1
176.82,1
164.34,0
161.42,0
177.27,1
152.9,0
169.39,0
151.3,0
175.65,1
162.42,0
177.69,1
169.91,0
152.77,0
179.25,1
180.51,1
173.82,1
157.38,0
161.94,0
166.45,0
157.96,0
181.92,1
166.44,0
137.97,0
168.39,0
161.52,0
164.25,0
161.31,0
173.07,1
176.2,1
167.83,0
161.61,0
164.59,0
165.2,0
156.98,0
170.79,1
169.6,0
180.4,1
177.55,1
158.14,0
173.2,1
155.49,0
171.96,1
159.83,0
154.77,0
167.8,0
138.25,0
147.49,0
163.23,0
165.82,0
161.31,0
149.21,0
156.82,0
168.91,0
170.82,1
164.84,0
176.57,1
168.97,0
157.53,0
162.19,0
150.97,0
163.92,0
176.12,1
171.85,1
179.02,1
161.97,0
178.46,1
163.07,0
179.72,1
164.78,0
172.07,1
179.75,1
163.07,0
167.18,0
177.89,1
163.67,0
151.79,0
186.43,1
160.3,0
166.59,0
176.56,1
158.92,0
154.92,0
167.54,0
147.07,0
162.12,0
167.45,0
162.3,0
149.57,0
180.94,1
166.04,0
179.31,1
162.4,0
156.2,0
167.69,0
162.84,0
153.22,0
179.7,1
158.78,0
146.6,0
178.28,1
159.96,0
158.92,0
147.35,0
182.41,1
152.11,0
165.58,0
174.13,1
169.22,0
164.4,0
147.98,0
156.9,0
166.88,0
157.13,0
167.03,0
171.82,1
174.63,1
152.74,0
186.97,1
172.67,1
164.98,0
175.9,1
188.65,1
150.61,0
162.75,0
141.22,0
166.93,0
168.65,0
164.61,0
158.45,0
144.5,0
168.74,0
179.55,1
159.09,0
169.4,0
149.32,0
169.57,0
161.07,0
157.38,0
157.4,0
161.06,0
168.82,0
151.88,0
161.03,0
164.59,0
154.01,0
182.97,1
156.47,0
158.31,0
155.22,0
182.98,1
170.53,1
155.63,0
176.06,1
167.01,0
167.57,0
161.56,0
157.51,0
168.38,0
159.55,0
183.17,1
152.31,0
180.36,1
163.89,0
167.99,0
173.33,1
158.7,0
173.64,1
137.92,0
157.8,0
155.76,0
152.46,0
162.85,0
168.86,0
172.03,1
167.41,0
158.34,0
168.69,0
166.24,0
174.36,1
172.77,1
165.3,0
156.03,0
158.47,0
159.5,0
161.85,0
167.68,0
172.15,1
164.49,0
165.16,0
166.43,0
159.84,0
155.75,0
147.45,0
158.05,0
169.73,0
157.97,0
162.62,0
169.66,0
170.21,1
154.2,0
174.97,1
176.27,1
153.7,0
156.76,0
176.91,1
163.53,0
142.8,0
151.0,0
162.51,0
153.37,0
160.87,0
165.32,0
179.62,1
162.1,0
175.73,1
179.29,1
179.34,1
167.85,0
145.37,0
169.61,0
175.48,1
164.19,0
182.45,1
173.6,1
170.68,1
175.86,1
168.33,0
140.07,0
160.01,0
176.97,1
156.92,0
162.77,0
154.55,0
182.84,1
181.81,1
156.16,0
166.47,0
158.2,0
171.15,1
170.1,1
173.12,1
168.32,0
194.35,1
154.72,0
147.89,0
161.07,0
149.32,0
150.08,0
154.99,0
155.78,0
155.45,0
170.18,1
159.94,0
163.2,0
173.94,1
157.34,0
162.35,0
168.66,0
145.58,0
141.15,0
168.46,0
169.92,0
185.64,1
166.58,0
173.2,1
163.05,0
167.97,0
181.67,1
143.76,0
169.14,0
186.36,1
167.82,0
181.51,1
158.71,0
164.68,0
165.34,0
142.82,0
153.32,0
154.03,0
173.22,1
173.72,1
168.24,0
173.24,1
163.36,0
177.02,1
165.09,0
165.58,0
162.34,0
171.84,1
160.79,0
174.76,1
153.68,0
154.01,0
171.87,1
164.11,0
160.46,0
173.9,1
158.93,0
163.0,0
178.99,1
180.39,1
180.72,1
162.18,0
177.31,1
155.51,0
155.93,0
141.5,0
181.73,1
156.36,0
163.73,0
155.9,0
171.95,1
161.24,0
151.95,0
169.42,0
150.66,0
156.63,0
143.93,0
150.76,0
166.79,0
145.35,0
150.19,0
164.98,0
159.56,0
184.92,1
183.34,1
156.32,0
170.57,1
172.49,1
159.03,0
150.04,0
164.88,0
163.27,0
160.64,0
169.42,0
157.49,0
153.48,0
166.09,0
168.86,0
153.23,0
174.28,1
147.3,0
159.22,0
162.42,0
158.64,0
159.35,0
183.71,1
156.49,0
189.41,1
169.37,0
165.92,0
169.76,0
190.3,1
155.06,0
153.8,0
157.45,0
165.32,0
147.74,0
165.22,0
181.94,1
166.51,0
162.07,0
158.82,0
173.99,1
156.74,0
183.46,1
184.33,1
167.57,0
164.88,0
175.31,1
175.95,1
156.94,0
159.73,0
151.78,0
169.09,0
171.67,1
151.5,0
160.45,0
151.53,0
156.01,0
170.51,1
157.67,0
161.99,0
148.73,0
166.87,0
164.56,0
157.71,0
163.11,0
166.8,0
156.85,0
150.24,0
183.06,1
158.67,0
164.03,0
175.11,1
200.29,1
152.56,0
169.5,0
157.92,0
159.61,0
157.8,0
153.74,0
164.59,0
150.25,0
174.47,1
165.55,0
169.22,0
160.34,0
161.33,0
167.88,0
153.36,0
161.42,0
156.4,0
156.09,0
143.9,0
178.39,1
158.13,0
176.63,1
175.69,1
152.14,0
154.12,0
190.61,1
182.51,1
164.68,0
167.57,0
158.69,0
169.32,0
157.83,0
144.68,0
151.78,0
165.21,0
153.69,0
164.33,0
154.25,0
157.18,0
173.53,1
167.47,0
164.9,0
173.79,1
169.81,0
179.47,1
160.4,0
160.7,0
151.99,0
160.71,0
174.65,1
178.0,1
174.6,1
147.06,0
175.83,1
146.61,0
173.98,1
161.32,0
172.03,1
151.68,0
176.71,1
150.35,0
158.32,0
155.02,0
147.46,0
165.95,0
183.06,1
191.67,1
165.97,0
176.17,1
167.32,0
169.99,0
161.58,0
166.95,0
170.37,1
159.22,0
164.23,0
164.42,0
173.26,1
154.34,0
164.48,0
184.12,1
176.64,1
178.49,1
165.24,0
168.21,0
175.02,1
180.6,1
145.48,0
151.85,0
178.09,1
162.23,0
158.28,0
152.46,0
159.45,0
150.98,0
185.91,1
164.78,0
164.42,0
170.88,1
174.62,1
174.46,1
175.74,1
158.69,0
162.02,0
172.69,1
159.73,0
164.95,0
168.99,0
172.85,1
147.22,0
172.15,1
162.66,0
172.07,1
172.77,1
181.08,1
178.53,1
178.47,1
179.44,1
167.91,0
165.32,0
173.73,1
172.32,1
161.91,0
169.05,0
164.65,0
156.46,0
177.9,1
165.55,0
185.49,1
148.75,0
159.43,0
165.33,0
176.37,1
168.99,0
168.1,0
153.73,0
153.43,0
168.23,0
151.36,0
159.68,0
170.01,1
155.18,0
181.05,1
177.24,1
149.29,0
155.68,0
142.14,0
157.17,0
172.66,1
160.86,0
169.61,0
149.78,0
172.98,1
159.45,0
165.12,0
164.07,0
152.28,0
153.47,0
174.68,1
168.99,0
175.5,1
168.25,0
166.43,0
147.74,0
162.3,0
164.73,0
184.53,1
171.87,1
180.36,1
170.98,1
157.89,0
166.17,0
167.36,0
155.61,0
161.16,0
162.94,0
181.06,1
144.19,0
177.06,1
155.63,0
151.28,0
176.8,1
172.32,1
177.55,1
173.01,1
185.6,1
170.59,1
163.44,0
168.43,0
177.43,1
157.21,0
158.48,0
161.91,0
143.95,0
166.38,0
146.14,0
165.53,0
173.65,1
160.23,0
181.77,1
150.39,0
176.91,1
171.75,1
147.84,0
192.11,1
164.36,0
156.23,0
150.93,0
162.8,0
163.73,0
166.03,0
162.02,0
171.33,1
161.12,0
145.65,0
163.51,0
141.33,0
168.54,0
155.21,0
166.63,0
178.14,1
155.51,0
175.61,1
160.67,0
182.53,1
161.35,0
156.6,0
171.87,1
160.64,0
156.59,0
160.22,0
164.55,0
178.42,1
145.66,0
165.23,0
171.25,1
166.93,0
178.1,1
164.26,0
163.15,0
170.92,1
165.99,0
161.1,0
170.16,1
158.47,0
158.89,0
159.72,0
178.53,1
132.79,0
168.96,0
165.34,0
148.19,0
168.1,0
169.76,0
170.9,1
138.48,0
178.66,1
157.62,0
171.87,1
172.41,1
156.23,0
171.6,1
161.15,0
144.29,0
176.68,1
157.25,0
156.46,0
160.97,0
167.72,0
164.43,0
170.48,1
151.61,0
157.58,0
163.84,0
183.98,1
163.86,0
175.85,1
165.39,0
160.16,0
162.53,0
163.32,0
171.04,1
178.75,1
168.6,0
176.87,1
155.35,0
160.85,0
157.76,0
168.14,0
161.41,0
172.3,1
155.69,0
165.43,0
171.87,1
144.35,0
186.22,1
162.17,0
144.75,0
166.58,0
165.33,0
164.18,0
174.91,1
172.47,1
167.98,0
169.5,0
163.96,0
182.75,1
150.21,0
166.4,0
165.65,0
173.13,1
156.56,0
147.56,0
166.57,0
167.81,0
179.9,1
152.3,0
176.55,1
188.67,1
161.22,0
152.09,0
160.93,0
165.14,0
170.64,1
159.09,0
180.55,1
153.85,0
147.61,0
176.07,1
142.25,0
162.96,0
196.18,1
164.88,0
153.79,0
164.43,0
164.49,0
166.61,0
171.62,1
154.61,0
181.88,1
167.45,0
172.27,1
158.72,0
177.86,1
162.43,0
167.78,0
155.67,0
155.03,0
171.88,1
160.56,0
156.46,0
158.57,0
171.99,1
158.71,0
163.82,0
165.15,0
145.83,0
150.29,0
168.36,0
157.63,0
175.57,1
174.67,1
172.19,1
183.2,1
164.17,0
171.49,1
159.16,0
189.52,1
184.84,1
165.12,0
168.87,0
178.59,1
163.53,0
158.43,0
173.74,1
165.78,0
166.83,0
156.66,0
147.82,0
167.36,0
174.05,1
162.74,0
179.36,1
157.96,0
154.45,0
164.33,0
164.17,0
172.7,1
157.25,0
178.68,1
184.67,1
164.61,0
177.5,1
154.44,0
175.75,1
175.47,1
173.63,1
164.84,0
135.46,0
158.58,0
158.74,0
155.22,0
166.22,0
160.81,0
156.75,0
154.41,0
157.84,0
176.21,1
158.39,0
159.85,0
160.43,0
168.39,0
169.56,0
134.55,0
175.22,1
179.36,1
154.5,0
155.28,0
160.5,0
157.44,0
167.24,0
145.53,0
153.82,0
180.39,1
155.72,0
177.43,1
168.55,0
146.91,0
171.35,1
163.82,0
160.45,0
167.45,0
169.75,0
172.08,1
176.78,1
169.08,0
151.24,0
160.26,0
194.43,1
172.24,1
188.69,1
178.95,1
167.42,0
168.01,0
164.63,0
147.62,0
165.18,0
177.11,1
159.0,0
169.12,0
173.52,1
155.9,0
160.49,0
154.82,0
156.78,0
152.12,0
156.0,0
179.19,1
155.85,0
166.26,0
159.97,0
176.79,1
178.11,1
173.64,1
168.06,0
162.69,0
153.08,0
184.44,1
157.4,0
171.64,1
175.6,1
159.45,0
175.38,1
172.64,1
182.28,1
160.31,0
152.14,0
159.95,0
167.09,0
165.58,0
161.07,0
145.91,0
169.7,0
184.72,1
169.64,0
171.09,1
170.72,1
168.97,0
174.32,1
168.95,0
161.87,0
157.04,0
162.51,0
168.14,0
161.84,0
168.14,0
169.39,0
173.33,1
177.83,1
165.78,0
151.92,0
161.55,0
165.44,0
146.64,0
178.89,1
166.42,0
168.81,0
178.66,1
158.7,0
170.74,1
163.9,0
163.16,0
157.28,0
181.66,1
161.24,0
171.99,1
146.25,0
176.8,1
175.52,1
165.97,0
162.73,0
169.0,0
187.89,1
147.37,0
172.82,1
155.88,0
164.8,0
162.52,0
160.72,0
164.9,0
153.66,0
175.29,1
147.06,0
170.4,1
161.73,0
153.29,0
167.02,0
149.43,0
165.4,0
150.77,0
169.61,0
155.76,0
160.49,0
167.94,0
157.27,0
164.42,0
149.86,0
171.31,1
182.65,1
192.92,1
165.91,0
172.88,1
147.19,0
180.03,1
172.76,1
160.16,0
177.37,1
162.46,0
160.42,0
169.75,0
154.37,0
175.22,1
154.44,0
154.5,0
155.9,0
172.6,1
158.83,0
151.52,0
158.94,0
164.68,0
153.19,0
153.48,0
186.11,1
156.39,0
161.77,0
161.33,0
160.79,0
171.21,1
174.48,1
161.94,0
152.64,0
177.74,1
164.05,0
182.3,1
142.54,0
166.95,0
184.19,1
161.47,0
162.75,0
167.96,0
159.41,0
161.88,0
161.62,0
158.73,0
177.29,1
169.61,0
167.51,0
173.09,1
162.36,0
157.26,0
158.97,0
165.02,0
154.41,0
160.0,0
159.84,0
186.25,1
137.26,0
163.2,0
182.26,1
166.22,0
172.53,1
166.0,0
158.33,0
142.58,0
167.05,0
157.24,0
157.0,0
160.01,0
182.45,1
189.05,1
167.17,0
160.35,0
153.23,0
169.69,0
182.83,1
162.53,0
141.21,0
171.7,1
174.85,1
149.14,0
166.76,0
169.51,0
164.27,0
157.09,0
175.16,1
160.97,0
150.15,0
144.51,0
177.61,1
171.17,1
165.88,0
160.6,0
159.71,0
154.24,0
160.69,0
143.8,0
157.64,0
161.89,0
171.1,1
164.6,0
172.95,1
178.49,1
175.58,1
169.71,0
165.12,0
155.19,0
172.4,1
181.8,1
168.42,0
184.17,1
149.74,0
153.46,0
173.55,1
167.64,0
178.14,1
164.85,0
156.32,0
162.86,0
149.67,0
153.71,0
174.72,1
173.73,1
168.63,0
147.79,0
161.42,0
152.75,0
176.77,1
159.16,0
154.14,0
165.3,0
158.6,0
179.84,1
157.65,0
151.01,0
143.47,0
164.69,0
159.38,0
150.71,0
176.89,1
171.67,1
164.72,0
178.64,1
171.63,1
156.77,0
154.61,0
173.18,1
168.96,0
166.7,0
156.54,0
171.08,1
157.45,0
163.98,0
179.47,1
158.39,0
149.27,0
154.47,0
174.94,1
167.55,0
163.71,0
159.91,0
169.85,0
156.51,0
168.06,0
157.69,0
156.02,0
158.63,0
161.25,0
164.51,0
167.35,0
128.12,0
156.92,0
161.08,0
180.05,1
154.2,0
166.63,0
179.95,1
151.87,0
168.94,0
156.98,0
159.95,0
156.97,0
157.68,0
192.22,1
173.44,1
176.02,1
169.92,0
148.94,0
168.95,0
175.73,1
156.47,0
174.65,1
172.04,1
183.52,1
160.82,0
154.02,0
161.38,0
179.36,1
146.72,0
144.32,0
165.89,0
160.57,0
165.08,0
174.45,1
159.47,0
146.27,0
185.44,1
155.03,0
154.41,0
176.04,1
161.16,0
164.37,0
169.83,0
175.84,1
161.67,0
180.2,1
143.64,0
172.6,1
156.6,0
178.72,1
166.42,0
158.27,0
171.63,1
173.93,1
171.42,1
154.7,0
160.16,0
164.96,0
164.59,0
172.5,1
144.85,0
168.34,0
162.1,0
156.61,0
157.58,0
162.85,0
128.99,0
157.99,0
156.24,0
170.33,1
156.94,0
162.85,0
180.42,1
174.94,1
174.02,1
160.0,0
170.43,1
162.66,0
163.04,0
169.1,0
159.03,0
179.93,1
163.4,0
171.18,1
179.56,1
175.32,1
150.91,0
169.45,0
173.51,1
173.92,1
153.87,0
158.43,0
174.95,1
157.38,0
162.0,0
180.76,1
164.52,0
157.73,0
156.22,0
168.33,0
151.67,0
162.53,0
168.33,0
177.99,1
171.68,1
157.86,0
176.78,1
162.0,0
152.64,0
163.28,0
179.38,1
166.65,0
165.13,0
181.37,1
150.69,0
152.14,0
148.84,0
168.73,0
166.66,0
180.43,1
167.43,0
160.96,0
165.02,0
166.18,0
148.28,0
192.1,1
170.2,1
167.1,0
171.15,1
172.09,1
163.59,0
158.69,0
170.99,1
168.86,0
156.9,0
179.19,1
167.93,0
172.3,1
178.92,1
165.22,0
168.17,0
173.1,1
157.75,0
165.54,0
166.26,0
155.44,0
188.18,1
150.93,0
152.02,0
178.14,1
172.13,1
154.74,0
171.07,1
179.68,1
164.7,0
190.99,1
147.76,0
171.94,1
176.67,1
173.91,1
162.96,0
162.1,0
169.44,0
173.16,1
171.02,1
175.4,1
154.81,0
162.72,0
155.6,0
161.14,0
175.15,1
166.08,0
191.07,1
166.93,0
165.6,0
166.06,0
158.62,0
164.42,0
176.28,1
166.14,0
157.07,0
155.75,0
160.5,0
165.74,0
176.94,1
151.6,0
161.8,0
166.44,0
146.66,0
156.66,0
158.2,0
157.04,0
166.92,0
163.39,0
159.45,0
169.28,0
182.23,1
181.39,1
145.77,0
170.77,1
163.22,0
166.55,0
161.02,0
166.18,0
166.51,0
159.21,0
156.04,0
160.51,0
167.34,0
170.99,1
173.53,1
160.06,0
167.84,0
174.63,1
176.66,1
164.41,0
162.79,0
166.91,0
153.5,0
163.06,0
172.45,1
171.42,1
162.3,0
167.18,0
156.75,0
172.03,1
164.22,0
162.24,0
161.38,0
164.37,0
160.52,0
171.58,1
161.05,0
180.93,1
179.65,1
156.08,0
165.7,0
158.49,0
161.73,0
185.02,1
161.92,0
168.6,0
170.41,1
154.99,0
156.45,0
152.94,0
156.14,0
136.5,0
170.45,1
185.54,1
166.48,0
150.84,0
158.57,0
160.41,0
154.82,0
173.6,1
173.1,1
153.45,0
172.25,1
180.27,1
184.03,1
193.65,1
155.98,0
193.24,1
161.46,0
159.08,0
168.27,0
159.18,0
168.99,0
151.8,0
162.61,0
177.86,1
164.43,0
166.42,0
169.75,0
176.71,1
148.45,0
170.85,1
162.32,0
166.67,0
175.6,1
153.06,0
154.87,0
145.65,0
159.51,0
178.3,1
163.79,0
151.6,0
160.14,0
150.12,0
153.75,0
168.89,0
153.26,0
176.13,1
164.29,0
165.86,0
162.22,0
172.73,1
172.83,1
168.35,0
170.65,1
162.88,0
170.42,1
161.62,0
165.02,0
162.25,0
160.43,0
158.11,0
169.68,0
178.11,1
176.71,1
152.43,0
177.89,1
161.82,0
171.01,1
155.94,0
166.42,0
168.14,0
150.15,0
171.08,1
178.46,1
163.25,0
178.6,1
163.1,0
173.5,1
142.81,0
189.19,1
179.95,1
162.15,0
145.28,0
167.88,0
150.56,0
169.45,0
169.12,0
155.59,0
176.21,1
173.06,1
174.76,1
165.09,0
150.84,0
174.78,1
162.3,0
151.1,0
178.52,1
185.99,1
164.59,0
186.59,1
165.91,0
161.2,0
158.7,0
181.37,1
157.2,0
172.35,1
159.41,0
160.4,0
175.3,1
161.2,0
160.95,0
176.33,1
180.97,1
171.45,1
158.45,0
159.89,0
165.8,0
168.21,0
155.12,0
172.23,1
165.86,0
147.84,0
155.71,0
159.96,0
164.27,0
183.89,1
167.38,0
156.59,0
167.21,0
161.48,0
168.25,0
170.81,1
177.09,1
164.76,0
181.39,1
174.08,1
157.93,0
187.1,1
168.27,0
156.65,0
181.53,1
185.78,1
164.67,0
159.96,0
163.28,0
172.15,1
177.78,1
170.7,1
166.02,0
179.98,1
161.87,0
175.31,1
162.12,0
169.31,0
163.86,0
164.44,0
161.23,0
178.45,1
157.67,0
157.6,0
186.21,1
174.78,1
141.15,0
159.35,0
146.88,0
155.49,0
133.61,0
163.63,0
153.58,0
165.6,0
148.75,0
165.83,0
160.85,0
180.02,1
179.11,1
172.85,1
161.73,0
184.85,1
149.47,0
150.96,0
164.16,0
187.54,1
162.98,0
163.17,0
150.58,0
174.46,1
174.53,1
172.89,1
158.71,0
157.93,0
152.07,0
165.84,0
154.2,0
153.23,0
160.76,0
160.11,0
159.62,0
169.66,0
165.79,0
162.12,0
166.83,0
155.08,0
166.05,0
166.51,0
149.97,0
174.96,1
156.19,0
165.9,0
176.64,1
174.26,1
165.34,0
161.38,0
174.48,1
171.75,1
158.82,0
157.05,0
144.28,0
166.54,0
164.17,0
176.36,1
168.59,0
178.34,1
158.03,0
176.38,1
159.71,0
172.78,1
150.41,0
167.35,0
145.15,0
162.33,0
169.4,0
159.79,0
154.5,0
173.46,1
163.97,0
160.1,0
165.42,0
191.37,1
176.54,1
176.63,1
169.36,0
166.66,0
141.04,0
158.21,0
160.19,0
146.25,0
153.43,0
145.19,0
164.62,0
173.19,1
176.07,1
169.15,0
155.37,0
145.68,0
147.43,0
152.31,0
156.11,0
163.4,0
154.86,0
168.39,0
162.68,0
165.11,0
176.4,1
153.2,0
169.19,0
164.86,0
161.67,0
173.85,1
173.79,1
155.54,0
163.18,0
167.81,0
162.27,0
170.85,1
167.81,0
183.33,1
149.7,0
163.78,0
155.91,0
171.04,1
148.83,0
168.46,0
158.7,0
157.66,0
150.54,0
160.35,0
175.85,1
164.75,0
171.28,1
181.65,1
167.64,0
159.41,0
169.67,0
159.56,0
159.96,0
149.8,0
174.26,1
161.14,0
166.82,0
154.64,0
169.36,0
157.38,0
163.58,0
173.78,1
172.91,1
164.78,0
147.32,0
194.93,1
182.46,1
172.23,1
157.47,0
163.86,0
159.57,0
177.64,1
167.63,0
157.16,0
160.29,0
176.21,1
181.0,1
180.28,1
172.57,1
162.47,0
132.58,0
167.97,0
164.98,0
166.4,0
165.54,0
151.74,0
170.57,1
171.32,1
171.82,1
174.47,1
171.04,1
160.9,0
164.29,0
165.91,0
166.08,0
174.98,1
171.44,1
185.77,1
187.06,1
165.8,0
126.63,0
177.37,1
159.6,0
156.99,0
161.02,0
160.53,0
171.12,1
149.41,0
154.22,0
168.43,0
171.23,1
171.42,1
157.13,0
155.22,0
159.93,0
167.4,0
179.85,1
144.53,0
162.79,0
151.67,0
148.48,0
174.67,1
170.45,1
169.49,0
174.21,1
160.2,0
160.67,0
186.86,1
162.53,0
172.35,1
165.06,0
146.52,0
144.55,0
159.21,0
175.56,1
172.88,1
174.14,1
155.13,0
181.16,1
155.35,0
167.13,0
164.9,0
163.26,0
178.39,1
157.95,0
151.5,0
165.2,0
161.0,0
198.77,1
171.77,1
160.91,0
154.44,0
146.2,0
154.75,0
166.15,0
179.27,1
176.22,1
167.29,0
161.77,0
167.69,0
159.81,0
182.18,1
163.11,0
164.14,0
142.84,0
163.05,0
173.36,1
154.32,0
157.49,0
172.93,1
150.23,0
175.58,1
159.68,0
161.11,0
153.76,0
168.78,0
189.6,1
172.81,1
156.36,0
176.36,1
161.83,0
178.74,1
173.07,1
135.57,0
154.96,0
174.44,1
166.52,0
154.76,0
158.66,0
145.94,0
164.12,0
187.11,1
173.05,1
186.9,1
173.82,1
175.27,1
184.74,1
168.77,0
163.13,0
175.33,1
179.54,1
160.2,0
157.78,0
166.39,0
173.31,1
172.98,1
150.76,0
184.12,1
158.59,0
162.35,0
155.97,0
191.98,1
167.42,0
156.49,0
173.64,1
172.69,1
163.12,0
173.41,1
156.75,0
160.07,0
144.9,0
151.76,0
183.08,1
181.41,1
165.66,0
181.63,1
163.4,0
162.57,0
165.57,0
163.75,0
162.85,0
176.43,1
166.5,0
172.12,1
175.31,1
168.88,0
155.3,0
151.47,0
166.49,0
163.29,0
165.87,0
164.84,0
190.84,1
151.7,0
145.1,0
168.32,0
161.24,0
168.16,0
170.84,1
177.84,1
149.93,0
159.43,0
169.29,0
172.7,1
186.93,1
174.56,1
164.43,0
156.1,0
159.36,0
159.07,0
171.55,1
167.57,0
151.76,0
160.64,0
173.78,1
168.52,0
170.69,1
168.83,0
181.26,1
167.36,0
161.14,0
155.84,0
167.5,0
140.59,0
163.16,0
162.94,0
151.36,0
155.72,0
173.1,1
167.31,0
166.02,0
168.06,0
165.93,0
177.43,1
166.23,0
150.42,0
181.3,1
168.7,0
159.11,0
152.47,0
168.96,0
163.83,0
180.74,1
161.54,0
156.63,0
173.96,1
174.25,1
166.69,0
171.76,1
164.62,0
167.34,0
176.65,1
171.25,1
163.31,0
178.52,1
141.35,0
185.52,1
147.94,0
158.73,0
164.59,0
163.54,0
175.06,1
154.42,0
167.61,0
159.22,0
167.95,0
164.35,0
165.93,0
159.5,0
159.9,0
167.87,0
174.44,1
159.02,0
156.31,0
171.13,1
164.67,0
173.3,1
155.94,0
147.21,0
159.67,0
157.34,0
164.21,0
158.63,0
172.41,1
162.12,0
166.5,0
166.58,0
166.95,0
164.76,0
170.11,1
157.04,0
178.99,1
162.63,0
151.88,0
166.88,0
156.49,0
171.65,1
187.1,1
157.13,0
168.32,0
147.44,0
169.54,0
156.14,0
158.75,0
153.99,0
172.32,1
175.07,1
165.23,0
156.36,0
180.9,1
157.5,0
143.38,0
169.58,0
153.95,0
174.89,1
161.19,0
171.04,1
179.02,1
152.91,0
159.34,0
164.24,0
180.38,1
158.42,0
159.05,0
169.78,0
159.23,0
166.53,0
149.48,0
187.14,1
151.52,0
161.78,0
164.68,0
184.13,1
151.75,0
184.84,1
172.57,1
169.17,0
155.15,0
170.71,1
157.77,0
177.67,1
155.29,0
163.87,0
159.45,0
155.12,0
172.41,1
170.35,1
177.09,1
147.2,0
175.64,1
190.05,1
160.48,0
183.95,1
162.37,0
151.28,0
161.94,0
175.48,1
156.62,0
159.0,0
170.94,1
165.03,0
170.85,1
167.38,0
169.8,0
160.68,0
167.32,0
155.73,0
177.88,1
158.66,0
176.29,1
162.66,0
167.02,0
160.05,0
154.84,0
147.55,0
154.45,0
161.76,0
167.12,0
175.1,1
160.54,0
156.18,0
150.57,0
169.8,0
178.83,1
177.66,1
172.1,1
171.39,1
181.98,1
168.32,0
171.46,1
161.79,0
151.38,0
158.16,0
164.91,0
165.61,0
184.26,1
165.81,0
176.79,1
160.65,0
161.88,0
151.71,0
157.58,0
170.27,1
165.08,0
174.43,1
166.81,0
161.48,0
186.48,1
164.06,0
176.63,1
160.99,0
172.1,1
174.28,1
167.08,0
141.46,0
165.18,0
177.3,1
170.27,1
169.46,0
147.78,0
157.8,0
169.11,0
169.1,0
177.15,1
163.55,0
169.06,0
165.16,0
155.13,0
142.44,0
169.31,0
166.74,0
158.82,0
148.81,0
171.3,1
162.34,0
170.57,1
183.64,1
143.59,0
158.0,0
162.91,0
179.55,1
148.64,0
184.36,1
166.36,0
164.04,0
163.02,0
160.64,0
175.48,1
154.31,0
168.45,0
161.16,0
157.38,0
190.86,1
169.19,0
171.13,1
176.38,1
150.79,0
182.52,1
139.91,0
157.31,0
160.41,0
170.82,1
167.19,0
163.33,0
164.88,0
155.22,0
150.03,0
172.27,1
171.94,1
180.84,1
157.1,0
171.93,1
162.16,0
176.9,1
175.22,1
167.11,0
161.6,0
174.61,1
171.47,1
158.16,0
151.72,0
162.11,0
180.15,1
176.46,1
153.88,0
153.32,0
177.75,1
153.64,0
170.09,1
158.84,0
181.17,1
157.3,0
176.43,1
166.85,0
167.52,0
145.3,0
142.97,0
162.79,0
167.47,0
153.75,0
154.11,0
170.61,1
170.63,1
163.62,0
172.8,1
153.26,0
161.44,0
181.48,1
165.68,0
166.26,0
188.06,1
151.01,0
172.96,1
181.64,1
161.75,0
173.6,1
155.18,0
158.13,0
168.85,0
172.99,1
176.21,1
180.7,1
164.33,0
176.94,1
161.58,0
174.02,1
167.07,0
169.46,0
169.24,0
148.95,0
153.76,0
166.03,0
148.13,0
173.31,1
173.72,1
168.27,0
153.79,0
178.8,1
185.37,1
166.47,0
170.11,1
167.02,0
170.3,1
163.8,0
164.65,0
174.06,1
188.46,1
151.0,0
163.96,0
153.2,0
180.92,1
159.12,0
150.57,0
171.38,1
182.44,1
171.64,1
167.05,0
169.09,0
179.15,1
156.26,0
163.88,0
160.47,0
153.32,0
161.72,0
176.08,1
170.67,1
171.44,1
166.46,0
170.23,1
156.99,0
161.9,0
166.92,0
167.78,0
168.2,0
163.62,0
161.23,0
196.58,1
174.07,1
169.13,0
162.67,0
160.49,0
163.69,0
167.93,0
146.2,0
149.31,0
158.63,0
167.07,0
162.61,0
179.78,1
150.18,0
157.49,0
180.2,1
166.31,0
173.85,1
185.51,1
158.06,0
164.01,0
162.28,0
145.45,0
161.9,0
173.81,1
170.41,1
171.19,1
161.24,0
158.44,0
177.69,1
160.03,0
167.94,0
166.63,0
179.62,1
174.71,1
152.05,0
153.12,0
170.79,1
164.36,0
160.45,0
175.16,1
166.87,0
165.52,0
172.8,1
161.25,0
180.69,1
157.12,0
171.57,1
179.34,1
151.23,0
161.57,0
176.42,1
176.57,1
163.29,0
157.65,0
174.56,1
176.84,1
153.35,0
152.96,0
167.25,0
171.29,1
162.01,0
171.79,1
157.9,0
143.85,0
160.76,0
165.63,0
162.24,0
153.41,0
146.84,0
159.86,0
173.98,1
177.56,1
176.88,1
156.84,0
153.46,0
169.97,0
171.35,1
169.0,0
144.86,0
156.33,0
164.7,0
169.87,0
172.67,1
166.44,0
168.31,0
165.85,0
171.86,1
168.13,0
165.66,0
162.32,0
165.81,0
169.85,0
167.67,0
168.81,0
178.43,1
167.65,0
158.51,0
173.84,1
151.34,0
154.19,0
168.36,0
170.16,1
152.55,0
161.17,0
158.94,0
160.13,0
174.44,1
172.07,1
164.81,0
159.54,0
151.5,0
179.2,1
170.92,1
157.93,0
172.2,1
164.3,0
162.13,0
169.35,0
157.59,0
161.56,0
166.21,0
160.01,0
171.69,1
183.69,1
157.46,0
148.35,0
144.98,0
163.5,0
158.37,0
167.08,0
166.33,0
148.97,0
146.85,0
167.96,0
166.35,0
160.74,0
148.43,0
169.71,0
177.72,1
167.78,0
156.53,0
165.45,0
151.34,0
175.58,1
165.82,0
147.32,0
161.99,0
169.63,0
161.67,0
162.24,0
152.76,0
170.67,1
158.52,0
143.44,0
161.29,0
174.81,1
161.13,0
182.38,1
169.29,0
168.39,0
163.72,0
164.32,0
162.37,0
161.98,0
170.31,1
155.64,0
154.24,0
153.77,0
185.46,1
170.3,1
168.04,0
154.42,0
171.23,1
163.83,0
167.14,0
155.23,0
166.6,0
160.76,0
157.34,0
172.34,1
149.62,0
170.65,1
171.84,1
156.2,0
156.8,0
162.77,0
167.82,0
163.47,0
169.34,0
182.63,1
159.92,0
147.85,0
173.26,1
181.83,1
168.93,0
154.12,0
163.76,0
153.81,0
171.43,1
151.49,0
162.0,0
154.96,0
166.27,0
161.34,0
166.77,0
165.22,0
155.13,0
171.27,1
164.51,0
155.11,0
187.41,1
169.76,0
163.47,0
179.15,1
183.42,1
163.55,0
168.47,0
155.12,0
163.53,0
163.01,0
166.85,0
168.33,0
170.6,1
167.38,0
152.89,0
155.62,0
159.54,0
162.18,0
175.51,1
153.37,0
161.43,0
174.53,1
162.0,0
169.6,0
163.6,0
167.57,0
162.72,0
171.67,1
149.55,0
161.37,0
167.97,0
170.34,1
179.93,1
161.09,0
179.79,1
158.41,0
178.29,1
173.17,1
155.87,0
168.07,0
164.49,0
171.26,1
162.77,0
161.93,0
178.69,1
164.01,0
173.26,1
162.75,0
181.67,1
158.22,0
158.86,0
180.25,1
160.55,0
181.01,1
173.92,1
163.45,0
146.87,0
164.81,0
166.02,0
176.67,1
180.88,1
158.15,0
173.01,1
172.65,1
175.73,1
169.99,0
145.58,0
163.45,0
153.44,0
162.97,0
174.8,1
168.05,0
176.48,1
168.42,0
152.02,0
139.79,0
166.49,0
162.86,0
155.23,0
147.99,0
157.65,0
163.06,0
171.66,1
166.89,0
181.08,1
154.64,0
173.81,1
165.47,0
171.95,1
160.63,0
175.72,1
167.95,0
158.21,0
164.88,0
162.6,0
169.89,0
153.2,0
164.71,0
168.95,0
165.33,0
178.47,1
172.74,1
164.93,0
167.17,0
167.96,0
169.03,0
146.74,0
161.98,0
150.16,0
177.78,1
164.39,0
163.07,0
173.97,1
169.22,0
153.71,0
164.29,0
161.65,0
147.55,0
158.1,0
163.16,0
163.85,0
150.18,0
176.52,1
163.98,0
165.38,0
169.01,0
157.12,0
169.56,0
161.33,0
156.03,0
170.73,1
179.92,1
172.25,1
174.23,1
159.79,0
149.02,0
179.9,1
185.55,1
180.43,1
161.64,0
153.45,0
154.34,0
148.16,0
163.93,0
181.06,1
163.58,0
168.02,0
178.76,1
160.96,0
185.36,1
184.92,1
163.69,0
159.22,0
171.97,1
161.52,0
153.43,0
177.81,1
177.16,1
166.56,0
152.37,0
152.7,0
166.07,0
160.0,0
161.59,0
175.22,1
172.33,1
178.78,1
155.09,0
161.57,0
172.59,1
169.48,0
180.32,1
169.21,0
183.48,1
170.4,1
175.62,1
161.76,0
165.14,0
174.11,1
181.13,1
172.29,1
164.17,0
178.77,1
143.08,0
150.78,0
171.82,1
165.14,0
171.06,1
165.64,0
170.71,1
156.86,0
170.7,1
174.94,1
177.21,1
185.14,1
167.44,0
167.74,0
149.77,0
159.69,0
163.07,0
175.5,1
158.89,0
172.96,1
164.98,0
163.23,0
167.49,0
161.09,0
160.71,0
147.95,0
162.52,0
160.2,0
159.84,0
169.17,0
171.59,1
167.32,0
174.95,1
170.76,1
162.05,0
160.37,0
168.13,0
170.74,1
178.98,1
176.91,1
159.59,0
163.98,0
171.71,1
175.68,1
174.39,1
164.36,0
152.46,0
155.01,0
167.73,0
168.42,0
154.01,0
165.45,0
171.31,1
153.49,0
176.05,1
161.22,0
177.58,1
159.67,0
154.73,0
160.42,0
164.05,0
161.12,0
162.84,0
168.34,0
163.29,0
164.34,0
147.91,0
168.92,0
164.11,0
181.1,1
155.6,0
146.92,0
171.18,1
168.47,0
154.92,0
149.7,0
180.37,1
179.14,1
140.13,0
160.42,0
181.64,1
160.24,0
160.09,0
162.17,0
153.79,0
147.95,0
175.53,1
146.57,0
167.47,0
173.87,1
150.49,0
155.76,0
177.13,1
170.33,1
158.83,0
177.02,1
177.07,1
167.69,0
156.0,0
160.87,0
167.86,0
163.11,0
174.39,1
149.7,0
150.06,0
166.81,0
160.08,0
158.73,0
147.32,0
165.2,0
164.47,0
171.53,1
165.69,0
163.67,0
176.77,1
151.88,0
170.36,1
148.29,0
156.62,0
152.87,0
172.82,1
164.35,0
164.86,0
153.93,0
162.0,0
157.37,0
168.83,0
155.09,0
178.3,1
148.24,0
156.93,0
181.77,1
160.65,0
151.85,0
167.19,0
160.25,0
156.64,0
154.04,0
192.68,1
162.48,0
145.74,0
179.94,1
171.11,1
157.34,0
155.67,0
171.73,1
162.53,0
145.74,0
182.87,1
160.66,0
179.96,1
177.78,1
154.99,0
175.33,1
158.49,0
146.33,0
160.75,0
168.98,0
160.37,0
161.93,0
176.44,1
166.06,0
156.57,0
172.02,1
166.98,0
139.78,0
169.28,0
168.92,0
165.2,0
173.92,1
158.28,0
168.36,0
149.33,0
169.07,0
184.53,1
155.05,0
157.4,0
157.9,0
166.3,0
154.37,0
169.21,0
173.47,1
170.34,1
147.32,0
174.95,1
174.37,1
173.3,1
168.73,0
167.2,0
175.32,1
184.24,1
155.47,0
175.78,1
164.14,0
163.7,0
149.63,0
162.15,0
155.03,0
160.36,0
154.02,0
160.51,0
160.94,0
165.97,0
148.85,0
150.54,0
168.62,0
157.03,0
175.75,1
167.25,0
171.07,1
179.11,1
161.9,0
159.26,0
173.72,1
170.1,1
163.13,0
178.91,1
162.88,0
165.33,0
165.21,0
155.65,0
165.78,0
178.97,1
169.45,0
165.31,0
163.38,0
168.31,0
172.5,1
171.09,1
161.68,0
168.25,0
169.8,0
154.93,0
166.68,0
143.39,0
169.83,0
171.6,1
172.48,1
161.05,0
168.09,0
179.24,1
179.14,1
164.71,0
166.39,0
176.11,1
149.99,0
161.77,0
178.36,1
174.75,1
168.69,0
149.94,0
164.5,0
159.1,0
168.31,0
156.91,0
154.74,0
144.35,0
177.22,1
161.0,0
166.57,0
164.98,0
154.33,0
152.41,0
154.95,0
157.77,0
168.67,0
157.04,0
182.46,1
175.27,1
173.08,1
163.8,0
180.14,1
162.82,0
164.69,0
166.7,0
172.02,1
171.37,1
160.25,0
159.67,0
171.4,1
172.15,1
161.07,0
149.13,0
162.93,0
171.24,1
183.05,1
153.02,0
160.73,0
161.11,0
178.56,1
164.65,0
155.93,0
170.59,1
160.95,0
152.76,0
156.07,0
182.34,1
168.84,0
166.08,0
162.5,0
167.92,0
167.8,0
167.92,0
166.15,0
173.69,1
165.23,0
155.22,0
158.88,0
145.21,0
185.27,1
173.63,1
156.7,0
162.18,0
158.63,0
180.43,1
150.8,0
166.14,0
163.91,0
173.27,1
163.96,0
147.42,0
162.49,0
155.28,0
165.8,0
179.34,1
147.61,0
157.0,0
159.47,0
161.18,0
172.4,1
163.26,0
169.16,0
158.74,0
167.3,0
172.78,1
157.68,0
172.81,1
165.52,0
175.45,1
162.99,0
168.81,0
164.59,0
164.04,0
167.59,0
170.37,1
152.5,0
179.34,1
146.4,0
158.15,0
164.06,0
169.12,0
180.76,1
146.42,0
159.92,0
143.73,0
165.32,0
167.72,0
180.91,1
166.21,0
175.44,1
170.84,1
160.65,0
150.91,0
167.75,0
150.08,0
177.95,1
163.38,0
176.95,1
160.2,0
167.69,0
167.09,0
164.55,0
160.67,0
168.92,0
155.74,0
152.91,0
177.43,1
172.27,1
165.66,0
181.65,1
162.32,0
178.23,1
166.76,0
154.75,0
183.48,1
174.91,1
163.79,0
172.27,1
160.96,0
173.29,1
141.09,0
154.8,0
174.79,1
162.5,0
167.08,0
151.53,0
183.48,1
176.91,1
162.99,0
160.95,0
175.3,1
184.82,1
174.54,1
186.72,1
155.78,0
156.81,0
153.11,0
169.42,0
166.76,0
163.48,0
173.09,1
177.32,1
149.74,0
159.03,0
173.2,1
160.32,0
157.02,0
175.19,1
152.1,0
161.98,0
168.29,0
159.26,0
172.83,1
159.31,0
179.09,1
163.74,0
171.71,1
172.46,1
158.72,0
144.47,0
168.61,0
165.72,0
170.56,1
162.73,0
160.7,0
185.08,1
150.28,0
172.34,1
159.25,0
161.64,0
161.83,0
156.97,0
170.71,1
178.91,1
169.7,0
166.03,0
155.14,0
170.17,1
186.56,1
161.19,0
161.24,0
159.39,0
160.11,0
137.55,0
169.05,0
156.54,0
148.9,0
172.53,1
154.18,0
161.61,0
179.66,1
150.91,0
149.67,0
167.69,0
176.49,1
149.26,0
169.08,0
170.81,1
144.41,0
172.99,1
173.77,1
161.88,0
177.52,1
176.36,1
166.03,0
160.49,0
155.27,0
164.62,0
170.7,1
161.76,0
143.02,0
177.69,1
166.9,0
161.2,0
173.57,1
180.25,1
136.98,0
169.34,0
150.73,0
169.99,0
166.28,0
171.36,1
160.01,0
146.27,0
160.5,0
169.07,0
175.15,1
153.28,0
175.27,1
158.52,0
168.62,0
159.9,0
166.82,0
173.92,1
152.73,0
158.2,0
166.85,0
189.02,1
156.37,0
185.4,1
185.04,1
164.03,0
162.02,0
158.08,0
164.32,0
150.93,0
164.24,0
179.97,1
158.89,0
162.59,0
147.99,0
168.74,0
167.64,0
165.64,0
162.83,0
162.07,0
170.02,1
164.71,0
168.15,0
167.15,0
176.23,1
171.77,1
166.93,0
180.18,1
169.2,0
178.05,1
171.07,1
146.58,0
178.05,1
166.35,0
164.48,0
167.81,0
161.55,0
167.27,0
159.08,0
177.74,1
163.86,0
161.17,0
155.75,0
167.69,0
166.87,0
168.88,0
154.73,0
148.99,0
171.26,1
179.85,1
154.74,0
180.89,1
167.84,0
164.93,0
161.02,0
151.15,0
174.88,1
157.24,0
157.2,0
174.92,1
146.17,0
149.76,0
164.82,0
167.93,0
169.85,0
161.98,0
190.3,1
162.72,0
162.69,0
157.03,0
166.24,0
171.15,1
177.04,1
150.11,0
162.54,0
169.47,0
170.87,1
165.07,0
170.42,1
156.91,0
180.58,1
174.93,1
151.55,0
154.25,0
154.53,0
171.78,1
152.15,0
161.69,0
169.55,0
164.34,0
167.59,0
154.34,0
170.95,1
158.87,0
161.75,0
167.38,0
166.03,0
165.24,0
157.49,0
162.0,0
165.02,0
151.25,0
160.37,0
168.88,0
152.23,0
176.57,1
177.7,1
152.55,0
178.58,1
163.56,0
169.19,0
160.03,0
174.23,1
169.06,0
156.86,0
153.35,0
150.4,0
166.88,0
170.72,1
171.51,1
163.82,0
153.43,0
158.18,0
176.52,1
160.15,0
166.43,0
154.24,0
168.37,0
160.42,0
175.47,1
172.74,1
160.04,0
163.73,0
159.49,0
150.81,0
156.43,0
166.98,0
168.25,0
166.49,0
161.98,0
174.33,1
165.64,0
172.03,1
147.26,0
125.78,0
167.84,0
150.75,0
162.88,0
161.98,0
180.87,1
169.0,0
166.66,0
173.37,1
168.68,0
160.42,0
175.71,1
153.9,0
168.23,0
149.52,0
167.04,0
166.93,0
181.76,1
149.35,0
158.99,0
173.23,1
168.35,0
166.8,0
155.44,0
159.09,0
177.45,1
164.48,0
168.75,0
163.85,0
153.17,0
174.34,1
170.03,1
188.06,1
154.84,0
173.23,1
151.88,0
166.57,0
174.77,1
144.28,0
162.95,0
159.37,0
157.98,0
168.85,0
176.21,1
163.67,0
167.05,0
166.14,0
165.02,0
154.11,0
176.08,1
167.95,0
168.95,0
156.93,0
160.41,0
163.24,0
149.66,0
148.12,0
158.99,0
170.23,1
158.47,0
154.81,0
156.85,0
160.45,0
161.46,0
186.66,1
175.55,1
175.25,1
176.69,1
155.01,0
152.78,0
153.93,0
178.35,1
159.53,0
152.49,0
160.69,0
162.61,0
167.68,0
167.51,0
156.72,0
171.86,1
158.61,0
163.44,0
171.87,1
158.58,0
159.31,0
170.92,1
156.42,0
161.15,0
170.56,1
185.54,1
171.05,1
169.73,0
170.31,1
154.27,0
166.16,0
164.7,0
168.22,0
166.17,0
168.8,0
161.89,0
165.59,0
152.72,0
161.8,0
178.91,1
168.19,0
164.79,0
183.96,1
151.39,0
153.91,0
182.13,1
165.46,0
162.57,0
153.01,0
169.48,0
170.44,1
154.06,0
163.6,0
161.64,0
167.56,0
153.81,0
177.52,1
174.16,1
161.37,0
162.84,0
163.64,0
157.22,0
160.57,0
162.3,0
181.13,1
174.47,1
174.35,1
168.7,0
153.83,0
164.59,0
174.7,1
152.42,0
171.37,1
188.23,1
175.62,1
179.14,1
167.18,0
174.68,1
157.82,0
172.96,1
171.54,1
167.9,0
178.16,1
159.61,0
163.13,0
165.95,0
154.7,0
167.27,0
147.81,0
175.47,1
165.47,0
159.79,0
156.66,0
162.65,0
171.88,1
170.48,1
157.94,0
156.54,0
171.57,1
157.78,0
165.6,0
166.24,0
168.12,0
173.58,1
152.37,0
145.89,0
159.33,0
183.02,1
185.22,1
183.31,1
163.07,0
147.18,0
141.57,0
158.86,0
163.02,0
178.01,1
173.68,1
167.27,0
156.1,0
155.39,0
167.54,0
171.97,1
168.92,0
154.65,0
171.51,1
169.26,0
154.29,0
157.16,0
171.88,1
162.65,0
180.89,1
170.01,1
160.13,0
164.9,0
165.63,0
157.72,0
155.87,0
172.01,1
173.45,1
171.04,1
180.15,1
159.58,0
181.74,1
155.99,0
154.87,0
147.4,0
160.54,0
159.96,0
170.26,1
167.44,0
153.07,0
161.07,0
161.29,0
147.24,0
155.19,0
157.29,0
179.34,1
166.91,0
171.62,1
150.01,0
176.94,1
178.01,1
145.02,0
157.95,0
169.96,0
171.44,1
